video_id,video_title,author,comment,likes,published_at
PghQPGacrlI,Best SUVs tested: BMW v Porsche v Mercedes v Audi v VW,@carwow,Sell your car for free with Carwow: https://bit.ly/-Sell-Your-Car-For-Free-2907,133,2024-07-29T10:12:23Z
PghQPGacrlI,Best SUVs tested: BMW v Porsche v Mercedes v Audi v VW,@andrescardonagutierrez6732,Where’s the Volvo xC90,0,2026-03-04T21:58:20Z
PghQPGacrlI,Best SUVs tested: BMW v Porsche v Mercedes v Audi v VW,@johns8702,I can see u only praise bmw .. not good,0,2026-02-25T04:19:54Z
PghQPGacrlI,Best SUVs tested: BMW v Porsche v Mercedes v Audi v VW,@JoelGustafsson-c9x,You said the Audi is better then the Mercedes so it is 2 nd,0,2026-02-24T22:07:45Z
PghQPGacrlI,Best SUVs tested: BMW v Porsche v Mercedes v Audi v VW,@adriandavies8204,BMW be in the workshop first as well,0,2026-02-23T09:35:00Z
PghQPGacrlI,Best SUVs tested: BMW v Porsche v Mercedes v Audi v VW,@JoeLinVan,Where is the Lexus?,0,2026-02-21T00:07:55Z
PghQPGacrlI,Best SUVs tested: BMW v Porsche v Mercedes v Audi v VW,@TheArmory1533,cayenne is a nice ride for the price,0,2026-02-20T04:47:28Z
PghQPGacrlI,Best SUVs tested: BMW v Porsche v Mercedes v Audi v VW,@DJAPO,Porsche #1,0,2026-02-18T21:36:39Z
PghQPGacrlI,Best SUVs tested: BMW v Porsche v Mercedes v Audi v VW,@aerotus888,Id rather buy a flat,0,2026-02-16T19:55:41Z
PghQPGacrlI,Best SUVs tested: BMW v Porsche v Mercedes v Audi v VW,@Tedptod28,I think it’s just the brands the vw is the best to me,0,2026-02-16T17:05:54Z
PghQPGacrlI,Best SUVs tested: BMW v Porsche v Mercedes v Audi v VW,@SR-bu6kz,"How is VW more expensive than their “premium” brand, the Audi",0,2026-02-15T21:28:49Z
PghQPGacrlI,Best SUVs tested: BMW v Porsche v Mercedes v Audi v VW,@1-1-2robloxentreinenmetjordan,made a video about the W245 B200 turbo,0,2026-02-15T20:22:33Z
PghQPGacrlI,Best SUVs tested: BMW v Porsche v Mercedes v Audi v VW,@lukaszjot86,Bmw!! Winner,0,2026-02-13T16:19:06Z
PghQPGacrlI,Best SUVs tested: BMW v Porsche v Mercedes v Audi v VW,@WarMatt86,Too bad the Volvo XC90 is missing,0,2026-02-11T17:33:33Z
PghQPGacrlI,Best SUVs tested: BMW v Porsche v Mercedes v Audi v VW,@j.wagner8639,..I only see one victory: VWAG😅,0,2026-02-10T00:26:06Z
PghQPGacrlI,Best SUVs tested: BMW v Porsche v Mercedes v Audi v VW,@aaryan.4p,"cant really compare a x5 with a 17, shouldve been q8 with x5 or q7 with x7",0,2026-02-08T11:48:30Z
PghQPGacrlI,Best SUVs tested: BMW v Porsche v Mercedes v Audi v VW,@lordstark806,China combine those 6 and build one best SUV based on the ideas,0,2026-02-07T23:24:07Z
PghQPGacrlI,Best SUVs tested: BMW v Porsche v Mercedes v Audi v VW,@Mohsen47,Why ain't toyota in this this video?🤨,0,2026-02-07T12:53:01Z
PghQPGacrlI,Best SUVs tested: BMW v Porsche v Mercedes v Audi v VW,@simond3226,Why isn't the Volvo XC90 T8 included or the Range Rover Sport ? Would have been great to see a comparison including these two,0,2026-02-07T11:00:14Z
PghQPGacrlI,Best SUVs tested: BMW v Porsche v Mercedes v Audi v VW,@meteb1100,I had a GLE and an XC90 for a couple of weeks to do some l9ng distance ferrying. The XC90 was far more comfortable. I did a 5hr non stop journey and got out without an ache or pain. I did a 3hr stint in the GLE and got out with back and hip ache,0,2026-02-04T14:00:35Z
PghQPGacrlI,Best SUVs tested: BMW v Porsche v Mercedes v Audi v VW,@Lyfehurts66,Nice..,0,2026-02-02T21:58:21Z
PghQPGacrlI,Best SUVs tested: BMW v Porsche v Mercedes v Audi v VW,@sporty8383,x5 any day,0,2026-01-29T16:08:14Z
PghQPGacrlI,Best SUVs tested: BMW v Porsche v Mercedes v Audi v VW,@kayleecurnow,5:56 lol,0,2026-01-28T08:25:04Z
PghQPGacrlI,Best SUVs tested: BMW v Porsche v Mercedes v Audi v VW,@pluss400,Range Rover sport???,0,2026-01-27T20:29:48Z
PghQPGacrlI,Best SUVs tested: BMW v Porsche v Mercedes v Audi v VW,@saintetienne755,Is it me or do they all look bland?,0,2026-01-26T23:49:49Z
PghQPGacrlI,Best SUVs tested: BMW v Porsche v Mercedes v Audi v VW,@joshash1997,Any SUV pushing less than 300bhp minimum is pointless,0,2026-01-18T12:55:20Z
PghQPGacrlI,Best SUVs tested: BMW v Porsche v Mercedes v Audi v VW,@antoniom5440,Cayenne 100%,0,2026-01-16T13:05:22Z
PghQPGacrlI,Best SUVs tested: BMW v Porsche v Mercedes v Audi v VW,@JayEf-1,Imagine testing 3 Tuaregs in the same Video,0,2026-01-16T07:59:48Z
PghQPGacrlI,Best SUVs tested: BMW v Porsche v Mercedes v Audi v VW,@peterallison290,"I went from a Q7 to a new Touareg and then within a year back to a Q7 (SQ7) that was actually 4 years older than the Touareg. My feelings about the Touareg were the same as Matt's. It didnt feel special, it didnt feel as rock solid, it was coarser sounding and the steering wheel mounted touch controls drove me absolutely insane. Particularly the cruise control. Both my Q7s (including the one I sold at 8yo with nearly 100k kms on it) drove and felt nicer than the Touareg.",1,2026-01-14T11:46:40Z
PghQPGacrlI,Best SUVs tested: BMW v Porsche v Mercedes v Audi v VW,@rajsrivastav6940,watch this channel to end up hating everyone car made in the market.......,0,2026-01-13T08:23:30Z
PghQPGacrlI,Best SUVs tested: BMW v Porsche v Mercedes v Audi v VW,@MartinEA40,"Difficult choice there. VW automatically go out. 90k for Touareg , no thank you. Audi Q7 is allready old model ....3 left.  I don't know. They are all 3 nice looking cars  I like the Mercedes ,the Cayenne and the BMW. BMW out for the boot .2 left. Porsche skyrockets their prices last 5 years ,so Mercedes is the winner!",0,2026-01-11T17:21:21Z
PghQPGacrlI,Best SUVs tested: BMW v Porsche v Mercedes v Audi v VW,@markusrx5446,"U tested the Q7 from Audi, but the X5 and GLE from BMW and Mercedes respectively? Why not the X7 and GLS? Those are the Luxury SUVs from BMW and Mercedes",0,2026-01-10T09:23:28Z
PghQPGacrlI,Best SUVs tested: BMW v Porsche v Mercedes v Audi v VW,@tomal28,No Volvo? Shit test.,0,2025-12-31T08:32:38Z
PghQPGacrlI,Best SUVs tested: BMW v Porsche v Mercedes v Audi v VW,@meepcheep314,"The upholstery on the GLE is absolutely disgraceful. The cheapest ""real"" leather I've ever seen",0,2025-12-29T22:12:22Z
PghQPGacrlI,Best SUVs tested: BMW v Porsche v Mercedes v Audi v VW,@ivancornejo113,"Mercedes-Benz, the best or nothing1",0,2025-12-26T16:09:59Z
PghQPGacrlI,Best SUVs tested: BMW v Porsche v Mercedes v Audi v VW,@usmanzahoor-jq2rd,Where is rang rover,0,2025-12-19T15:52:20Z
PghQPGacrlI,Best SUVs tested: BMW v Porsche v Mercedes v Audi v VW,@paulallen9518,How do people afford a 100grand suv? Am I just poor?,0,2025-12-17T17:57:08Z
PghQPGacrlI,Best SUVs tested: BMW v Porsche v Mercedes v Audi v VW,@frankl31436,"Buy the BMW.  The B58 I6 engine in this diesel form will run forever. The B58 gas version is also bulletproof.   Based on USA Consumer Reports 2025-2026 rankings, which include reliability, BMW almost tied Subaru for #1. BMW was #1 in the luxury category.  The only one close in reliability, in this group, is the Porsche but the Porsche parts cost more than gold.",0,2025-12-17T00:02:02Z
PghQPGacrlI,Best SUVs tested: BMW v Porsche v Mercedes v Audi v VW,@JobethJoven,"I adore the BMW. Before my husband gave me a Cayenne and I fell in love, it was my ideal vehicle.",1,2025-11-20T08:55:17Z
PghQPGacrlI,Best SUVs tested: BMW v Porsche v Mercedes v Audi v VW,@moritz9077,"20% straight for the government, the biggest winner of every sale",0,2025-11-19T21:23:09Z
PghQPGacrlI,Best SUVs tested: BMW v Porsche v Mercedes v Audi v VW,@Janis.Bruveris,In EU  Treg is from 54k €😊,0,2025-11-17T20:30:03Z
PghQPGacrlI,Best SUVs tested: BMW v Porsche v Mercedes v Audi v VW,@Janis.Bruveris,And where is Lexus rx? 😂,0,2025-11-17T20:21:36Z
PghQPGacrlI,Best SUVs tested: BMW v Porsche v Mercedes v Audi v VW,@salary_rezaeian,BMW😍🤌🏻,0,2025-11-17T00:58:24Z
PghQPGacrlI,Best SUVs tested: BMW v Porsche v Mercedes v Audi v VW,@ucpt8234,Q7 c es plutôt mercedes GLS,0,2025-11-16T22:17:24Z
PghQPGacrlI,Best SUVs tested: BMW v Porsche v Mercedes v Audi v VW,@CVO_MAN,No Alfa Romeo Stelvio? C'mon...,1,2025-11-16T06:17:54Z
PghQPGacrlI,Best SUVs tested: BMW v Porsche v Mercedes v Audi v VW,@IanBrandley,heeey Audi isnt just meeh😭😭😭,0,2025-11-09T13:11:25Z
PghQPGacrlI,Best SUVs tested: BMW v Porsche v Mercedes v Audi v VW,@earlisking,"Carwow, you should incorporate short and long term reliability into your comparisons.",0,2025-11-06T23:48:10Z
PghQPGacrlI,Best SUVs tested: BMW v Porsche v Mercedes v Audi v VW,@richardbrown578,"Lol! You can't pretend well enough.  You are definitely interesting to watch, and your personal preference is the Audi. You have always emblemish the Audi negatives while emphasizing on the negatives of the others. You are still making interesting reviews! In the end, nevertheless, I agree with your number 1 choice 💯👍",0,2025-11-02T18:16:32Z
PghQPGacrlI,Best SUVs tested: BMW v Porsche v Mercedes v Audi v VW,@otaku-nostalgie,TOUAREG IS MY DREAM CAR 🤤,0,2025-10-31T04:48:40Z
PghQPGacrlI,Best SUVs tested: BMW v Porsche v Mercedes v Audi v VW,@GTschumacher,He just loves the BMW's,1,2025-10-29T22:09:17Z
PghQPGacrlI,Best SUVs tested: BMW v Porsche v Mercedes v Audi v VW,@mrwolfger,"Mercedes's 450d vs BMW's 40d, Which diesel engine is quieter?",0,2025-10-29T14:27:40Z
PghQPGacrlI,Best SUVs tested: BMW v Porsche v Mercedes v Audi v VW,@nokuthulakumalo9665,Always BMW wins 😅,0,2025-10-27T15:41:47Z
PghQPGacrlI,Best SUVs tested: BMW v Porsche v Mercedes v Audi v VW,@AndreasKatsaras,"Anyone who pays more than 50K on any car must have money to throw down the drain, be mad or incredibly stupid",0,2025-10-26T15:52:14Z
PghQPGacrlI,Best SUVs tested: BMW v Porsche v Mercedes v Audi v VW,@SahibdeepBhogal-b1d,I have a gle 450  best car BMW suck,0,2025-10-26T15:06:58Z
PghQPGacrlI,Best SUVs tested: BMW v Porsche v Mercedes v Audi v VW,@fess749,"You’re a car guy, stop,saying Porsh.",0,2025-10-26T04:07:35Z
PghQPGacrlI,Best SUVs tested: BMW v Porsche v Mercedes v Audi v VW,@prostokrasavchik8837,"Get a Tesla with FSD and let it drive for you. The rest of the cars don't have anything to offer, they are the same, slightly different exterior, slightly different interior, period. Who on earth needs soft closing doors??? Is this your requirement for a luxury car? really?",0,2025-10-18T03:11:51Z
PghQPGacrlI,Best SUVs tested: BMW v Porsche v Mercedes v Audi v VW,@Jeebz_010,Where is the Range Rover?,0,2025-10-11T04:15:31Z
PghQPGacrlI,Best SUVs tested: BMW v Porsche v Mercedes v Audi v VW,@Cozy-yyy,Where is Range Rover?,0,2025-10-10T15:00:45Z
PghQPGacrlI,Best SUVs tested: BMW v Porsche v Mercedes v Audi v VW,@CuteAsianBeauties,i like the old cayenne look,1,2025-10-09T19:24:20Z
PghQPGacrlI,Best SUVs tested: BMW v Porsche v Mercedes v Audi v VW,@markmadad1,Best to get the one you like. They all do the same thing and after watching the drag race they all go virtually the same speed. Had an X5 and Q7 now have VW which is a fantastic car!,0,2025-10-04T00:13:28Z
PghQPGacrlI,Best SUVs tested: BMW v Porsche v Mercedes v Audi v VW,@vvaro2926,Why so much hate for the touareg? It feels premium and is the most premium car from VW. And the last one has all u want in,1,2025-10-03T20:41:26Z
PghQPGacrlI,Best SUVs tested: BMW v Porsche v Mercedes v Audi v VW,@MrSki-cw1mh,He knows that the Mercedes is better but he is an absolute BMW fan girl and total sell out...,1,2025-09-30T18:40:00Z
PghQPGacrlI,Best SUVs tested: BMW v Porsche v Mercedes v Audi v VW,@MrRezw5975,bmw all day mofgkas,0,2025-09-30T06:50:38Z
PghQPGacrlI,Best SUVs tested: BMW v Porsche v Mercedes v Audi v VW,@LegendaryIGReels,yesssssss,0,2025-09-27T08:01:14Z
PghQPGacrlI,Best SUVs tested: BMW v Porsche v Mercedes v Audi v VW,@jfmmp,What the hell is VW doing there????????!!,0,2025-09-23T03:48:21Z
PghQPGacrlI,Best SUVs tested: BMW v Porsche v Mercedes v Audi v VW,@Gun_CPF4Life,"Performance wise - the GLE 450 shouldn’t be competing with the 30d BMW, it should only be the GLE 300, which is a 2L. As both will then be the entry level. If it’s the 450, then test it against the x5 50e",3,2025-09-22T23:28:17Z
PghQPGacrlI,Best SUVs tested: BMW v Porsche v Mercedes v Audi v VW,@ThongnamHoangquang,Story arcs across multiple videos encourage subscription,0,2025-09-17T00:52:23Z
PghQPGacrlI,Best SUVs tested: BMW v Porsche v Mercedes v Audi v VW,@fürimmerkonservativ,I can clearly see Mercedes nowadays is very chinese,0,2025-09-16T06:00:12Z
PghQPGacrlI,Best SUVs tested: BMW v Porsche v Mercedes v Audi v VW,@SakethChodi,only in 2025 will normal luxury midsize family suv's do the quarter mile faster than the lamborghini gallardo,0,2025-09-13T21:26:37Z
PghQPGacrlI,Best SUVs tested: BMW v Porsche v Mercedes v Audi v VW,@ElianAden-n1k8c,"Crossovers between niches (gaming + music, news + commentary) reach wider audiences",0,2025-09-13T15:18:34Z
PghQPGacrlI,Best SUVs tested: BMW v Porsche v Mercedes v Audi v VW,@HornyMidget420,Am I the only one that thinks the Audi looks by far the best??,0,2025-09-08T20:47:06Z
PghQPGacrlI,Best SUVs tested: BMW v Porsche v Mercedes v Audi v VW,@yoyo50658,Matt is a BMW fanboy,0,2025-09-08T07:44:59Z
PghQPGacrlI,Best SUVs tested: BMW v Porsche v Mercedes v Audi v VW,@alek385,"I would get VW Touareg Diesel 286 hp, immense torque, or BMW X5 50e....",0,2025-09-07T08:30:16Z
PghQPGacrlI,Best SUVs tested: BMW v Porsche v Mercedes v Audi v VW,@fiercefalcon2345,"prices of these cars are insane even for europe, in india the X5 costs 140k pounds, the gle 140k pounds, Q7 120k, Cayenne is just on another level because its a fully built car costing 190k for the base model with absolutely no options. Crazy isnt it?",0,2025-09-03T11:32:32Z
PghQPGacrlI,Best SUVs tested: BMW v Porsche v Mercedes v Audi v VW,@sinisa79,"maybe focus on important stuff? Reliability, longevity, simplicity, car parts prices, ect ect?
Complaining about something being manual is beyond dumb, we don't need everything to be electric ad powered, its nightmare when breaks, and it will break
Anyway, worst car here is by far Mercedes, friend got one and he was at dealer about 60 times in 3 years, for various mostly electric problems
best is for sure BMW, best 3.0 diesel on the market, as it will last 800 000 km easy when maintained, seen many with this mileage
ofc best option would be Lexus RX, but not even listed here",2,2025-08-31T07:19:35Z
PghQPGacrlI,Best SUVs tested: BMW v Porsche v Mercedes v Audi v VW,@jackbestyt,Sooooo where’s the Lexus ??,5,2025-08-22T12:49:17Z
PghQPGacrlI,Best SUVs tested: BMW v Porsche v Mercedes v Audi v VW,@thaithao-qw4rs,Very uplifting.,0,2025-08-15T05:43:20Z
PghQPGacrlI,Best SUVs tested: BMW v Porsche v Mercedes v Audi v VW,@aryanmakineni2016,Q7,1,2025-08-10T12:55:34Z
PghQPGacrlI,Best SUVs tested: BMW v Porsche v Mercedes v Audi v VW,@patrick.p2781,The BMW channel ?,0,2025-08-08T16:50:09Z
PghQPGacrlI,Best SUVs tested: BMW v Porsche v Mercedes v Audi v VW,@yl003760,X5 100%,0,2025-08-07T03:14:45Z
PghQPGacrlI,Best SUVs tested: BMW v Porsche v Mercedes v Audi v VW,@smithwesson870,Porsche❤️,0,2025-08-06T10:19:46Z
PghQPGacrlI,Best SUVs tested: BMW v Porsche v Mercedes v Audi v VW,@your_royal_highness,"I am getting a new ‘26 X5 I just ordered. A replacement for a wonderful brand new Q8 Prestige that got broadsided and I know the car will never be the same, plus it has been in the shop for 3 months still getting fixed.  If money were no object the Porsche wins hands down.  I think the looks of the Q8 are better than the X5 or X6.  However, the overall capabilities of the X5 are probably better.  I really like Audi’s though and recognize that I do not drive outside the car so the bland looks of the SQ5 I had before did not matter one whit.  It is a better overall car than the X3 50.",0,2025-08-03T13:54:20Z
PghQPGacrlI,Best SUVs tested: BMW v Porsche v Mercedes v Audi v VW,@YoutTypicalCarGuy,porsche obviously!!!,0,2025-08-02T22:21:47Z
PghQPGacrlI,Best SUVs tested: BMW v Porsche v Mercedes v Audi v VW,@microhard4997,Wish porsche had a 7 seater option especially in petrol or diesel not bloody electric shit,0,2025-08-01T04:00:38Z
PghQPGacrlI,Best SUVs tested: BMW v Porsche v Mercedes v Audi v VW,@microhard4997,So sq7 is the best one ?,0,2025-08-01T04:00:01Z
PghQPGacrlI,Best SUVs tested: BMW v Porsche v Mercedes v Audi v VW,@saljogja,Porsche👍,0,2025-07-31T03:07:31Z
PghQPGacrlI,Best SUVs tested: BMW v Porsche v Mercedes v Audi v VW,@mohammedriyad5481,Btw where's the range rover sport,1,2025-07-29T21:14:18Z
PghQPGacrlI,Best SUVs tested: BMW v Porsche v Mercedes v Audi v VW,@budaibence720,Where is opel?,0,2025-07-29T17:55:57Z
PghQPGacrlI,Best SUVs tested: BMW v Porsche v Mercedes v Audi v VW,@kutieto,"""Have they made it from scrotums?"" 😂😂",0,2025-07-29T10:57:56Z
PghQPGacrlI,Best SUVs tested: BMW v Porsche v Mercedes v Audi v VW,@Listenwell-wq8pn,Which one is the fastest ?,0,2025-07-28T23:35:15Z
PghQPGacrlI,Best SUVs tested: BMW v Porsche v Mercedes v Audi v VW,@formatagfys1903,3 of them r the same thing different skin,0,2025-07-27T23:16:29Z
PghQPGacrlI,Best SUVs tested: BMW v Porsche v Mercedes v Audi v VW,@djangounbound2214,I would take the merc,0,2025-07-27T22:51:43Z
PghQPGacrlI,Best SUVs tested: BMW v Porsche v Mercedes v Audi v VW,@abhijeetkumarsingh3949,"11:42 how do you don’t look good either from the outside they have good friend, but ugliest rear design. 😢",0,2025-07-27T09:20:42Z
PghQPGacrlI,Best SUVs tested: BMW v Porsche v Mercedes v Audi v VW,@abhijeetkumarsingh3949,"Why are we buying so big SUVs, if they don’t have a good rear seats comfort?",1,2025-07-27T09:18:17Z
PghQPGacrlI,Best SUVs tested: BMW v Porsche v Mercedes v Audi v VW,@abhijeetkumarsingh3949,10:00 I think Audi has the best thighs support too,0,2025-07-27T09:17:01Z
PghQPGacrlI,Best SUVs tested: BMW v Porsche v Mercedes v Audi v VW,@abhijeetkumarsingh3949,"6:25 yes, course, Porsche do look the ugliest of the lot",0,2025-07-27T09:12:44Z
PghQPGacrlI,Best SUVs tested: BMW v Porsche v Mercedes v Audi v VW,@ilikeplen.350,personally i prefer audi,0,2025-07-26T10:21:48Z
PghQPGacrlI,Best SUVs tested: BMW v Porsche v Mercedes v Audi v VW,@yarielsbusiness3134,There’s actually three Volkswagens a BMW and a Mercedes…..,1,2025-07-24T11:26:04Z
PghQPGacrlI,Best SUVs tested: BMW v Porsche v Mercedes v Audi v VW,@SMKTopaz,M50d would of smoked every car here,0,2025-07-19T13:54:43Z
PghQPGacrlI,Best SUVs tested: BMW v Porsche v Mercedes v Audi v VW,@rohitshukla5498,Why didn't you use x7 ?,0,2025-07-16T21:12:04Z
XRUNyPm9RxI,"We Tested Ten SUVs, Which One's the Best?",@edmundscars,"Toyota revealed pricing for the 2026 RAV4 after we finished making our video. Here's how it came out (spoiler, we're pretty happy with our estimates):
2026 Toyota RAV4 starting price (including destination): $33,350
Price as tested (including destination): $37,550
And a top-tier RAV4 Limited AWD costs $44,750! So, what do you think? Is Toyota asking a fair price for the new RAV4?",87,2025-11-21T19:15:21Z
XRUNyPm9RxI,"We Tested Ten SUVs, Which One's the Best?",@noahgami,"For people debating reliability, chill! Nothing is built to last forever. There is manufacturer warranty and extended  warranty which both can comfortably cover over 10 years worth of costly fualts.",0,2026-03-08T01:21:06Z
XRUNyPm9RxI,"We Tested Ten SUVs, Which One's the Best?",@aleshiacote-young9962,Why would you put a Kia in the top? Did brand reliability not factor at all in your ratings?!,0,2026-03-07T22:34:53Z
XRUNyPm9RxI,"We Tested Ten SUVs, Which One's the Best?",@davidphillips4706,"In 2020 we shopped for a new SUV, it came down to Mazda and Hyundai.  After driving both extensively, the Tucson was the purchase, we got the Ultimate package, something they only built for one year, it basically gives you every option in one package, fully loaded it was several thousand cheaper than the Mazda, what killed the Mazda for me was the fact that at highway speeds it shuts down half the engine to save gas......the idea just didn't sit right with me. A shame really because the Mazda was more comfortable, albeit more expensive.",0,2026-03-07T14:51:30Z
XRUNyPm9RxI,"We Tested Ten SUVs, Which One's the Best?",@Slueth-r9i,Bullshit !! The top two ie hyundai and kia are totally unreliable. So it's obvious that this channel is paid for by Hyundai( Kia is its sister company)👎👎 UNSUBSCRIBED,0,2026-03-07T08:35:11Z
XRUNyPm9RxI,"We Tested Ten SUVs, Which One's the Best?",@ronjenkins675,Comparing gas to EV is utter stupidity.  I made it thru the second review and could tell your review is like today’s journalism and FOS!  I’ll sick with CR!,0,2026-03-06T19:08:00Z
XRUNyPm9RxI,"We Tested Ten SUVs, Which One's the Best?",@Bond61-p5s,I went from a 2022 Mazda CX 5 Premium to a 2025 Kia Sportage SX.  I am glad I did.  It is bigger and a better comfortable ride.  It was also cheaper.,0,2026-03-06T05:09:47Z
XRUNyPm9RxI,"We Tested Ten SUVs, Which One's the Best?",@bam3618,The Sportage does not have plenty of power😂 its very sluggish,0,2026-03-06T03:06:55Z
XRUNyPm9RxI,"We Tested Ten SUVs, Which One's the Best?",@troyesch6203,Subaru Outback is at the top of most “best” lists and not even on here at all?!,0,2026-03-05T23:17:58Z
XRUNyPm9RxI,"We Tested Ten SUVs, Which One's the Best?",@Me-n-ace,the Hyundai glaze...,0,2026-03-04T14:31:36Z
XRUNyPm9RxI,"We Tested Ten SUVs, Which One's the Best?",@johntzeimet,"I've had my 2025 Chevy equinox activ for one year now and I traded in a 2020 RAV4 limited hybrid. I'm sure people are going to criticize me for this but I really like the equinox better. I wish the lane assist was a little better but I used to turn the one off on the RAV4 because it just got annoying whereas the equinox one does seem to do anything except for give me vibrations in my side when I start drifting to the side. It's so comfortable and I don't get how people don't say there's not enough power because if I needed to go and I punch it , it goes.",0,2026-03-03T10:07:50Z
XRUNyPm9RxI,"We Tested Ten SUVs, Which One's the Best?",@jayshahu,Lol. How long before the engine starts giving issues on the Hyundai and Kia,0,2026-03-01T17:43:28Z
XRUNyPm9RxI,"We Tested Ten SUVs, Which One's the Best?",@stacyferraro6897,"Thank you for the detailed reviews!   
We have a retired K9; 70 pound, 12+ year old black lab.  We currently have a 2016 Honda FIT that we love his dog bed fits perfectly in the back and he can get in and out easily.  As the FIT has over 200k miles, we are looking to replace it with another similar vehicle. Unfortunately, Honda stopped selling the FIT in the US a few years back.   

Out of all the  vehicles you have reviewed and are familiar with, which do you feel would be sufficient for a replacement for the FIT? Easy access for an older dog, foldable flat or removable seats, 90° rear door opening, rear vents....",0,2026-02-28T18:53:52Z
XRUNyPm9RxI,"We Tested Ten SUVs, Which One's the Best?",@robertjames-life4768,"Our friend just got the new Bronco, seats were hard as a rock.",0,2026-02-28T17:04:41Z
XRUNyPm9RxI,"We Tested Ten SUVs, Which One's the Best?",@wladimirb1506,"Leased a 2026 Hyundai Tucson N-Line X 1.6 150 hp FWD petrol since 11/25, driven 3,000 km so far:

Pros: great design, excellent interior quality (N-Line), lots of space, good acceleration, top-notch infotainment, strong matrix headlights, very good Krell sound system, comfortable seats, and the panoramic roof is a nice touch. The suspension feels nicely agile without being floaty, yet still very composed on rough roads.

Cons: fuel consumption is higher than expected: around 9 l/100 km mixed, 6.0 l/100 km is possible at 100 km/h, but on longer motorway trips at 130 km/h it’s hardly ever below 8.5 l/100 km. The lane-keeping assist keeps the car too far to the left, which feels uncomfortable. The automatic transmission reacts slowly: shifting from D to R feels like it takes 1.5–2 seconds, and when pulling away there’s first a short delay, then a sudden, jerky surge of power. The throttle is also tuned very aggressively in the 0–20 km/h range. Maybe it will improve as the system adapts, but right now it still feels rather poor.

Conclusion: I would choose it again. For me, the overall balance works.",0,2026-02-28T10:05:15Z
XRUNyPm9RxI,"We Tested Ten SUVs, Which One's the Best?",@krozmon6677,So I assume they are  not considering reliability when Kia AND Hyundai both beat Toyota ?,0,2026-02-27T23:17:20Z
XRUNyPm9RxI,"We Tested Ten SUVs, Which One's the Best?",@jerryulin6629,"He didn't mention reliability for the Subaru. That to an intelligent buyer should be number 1. So, I didn't feel the need to go any further in the video. Lol.",0,2026-02-27T19:13:01Z
XRUNyPm9RxI,"We Tested Ten SUVs, Which One's the Best?",@scorpion-zi9fl,I wouldn't touch a VW. They have horrible reliability issues. I ditched mine as soon as I could.,0,2026-02-27T02:19:08Z
XRUNyPm9RxI,"We Tested Ten SUVs, Which One's the Best?",@samial7907,Add Volvos to the mix,0,2026-02-26T12:25:06Z
XRUNyPm9RxI,"We Tested Ten SUVs, Which One's the Best?",@pedroev92,Cx-50 hybrid is amazing. Is designed to be like that so you can focus on driving ffs,0,2026-02-26T00:39:11Z
XRUNyPm9RxI,"We Tested Ten SUVs, Which One's the Best?",@LeePuddefoot,"VW has Tiguan hybrid in  Europe,
need to bring to US.",0,2026-02-25T19:51:03Z
XRUNyPm9RxI,"We Tested Ten SUVs, Which One's the Best?",@jamieoxenreider,Yeah-how long is that paint and engine going to last???,0,2026-02-25T19:00:52Z
XRUNyPm9RxI,"We Tested Ten SUVs, Which One's the Best?",@Chris-v4z,Edmonds doesn't give a rat's ass about reliability. Some of these vehicles will have catastrophic powertrain failures in the first year!,0,2026-02-25T18:55:13Z
XRUNyPm9RxI,"We Tested Ten SUVs, Which One's the Best?",@jaysontan4962,Is jeep compass and gmc terrain are not competitors of this cars?,0,2026-02-25T07:53:54Z
XRUNyPm9RxI,"We Tested Ten SUVs, Which One's the Best?",@pinkgirlyworld,I dont know man... to me the Nissan Rogue its better than all of them. I have one 2025 and I LOVE IT!,0,2026-02-24T23:33:01Z
XRUNyPm9RxI,"We Tested Ten SUVs, Which One's the Best?",@MonsterChuck,These are crossovers....,0,2026-02-24T11:06:15Z
XRUNyPm9RxI,"We Tested Ten SUVs, Which One's the Best?",@miguelventura6344,Central cup holders as the name says is for cups our mugs for hot drinks for the water is in the doors 🙄🙄🙄 dahhhh,0,2026-02-24T04:08:08Z
XRUNyPm9RxI,"We Tested Ten SUVs, Which One's the Best?",@garriyshaulov3998,"It's not very objective, Tiguan is the most beautiful car, RAF4 is most durable, Equinox is the most spacious and comfortable to drive in 10th place. I have been selling cars for 20 yearsand i don't understand how Hyundai in 1st place.",1,2026-02-23T02:05:46Z
XRUNyPm9RxI,"We Tested Ten SUVs, Which One's the Best?",@paulmccoy6431,Why would anyone want a software trial with anything? Yall should start disqualifying cars for review.,0,2026-02-22T17:07:17Z
XRUNyPm9RxI,"We Tested Ten SUVs, Which One's the Best?",@MaCDaddy7774,I’ll stick to NADA for advice on cars and values yall needa lay off the pipe,0,2026-02-21T04:11:50Z
XRUNyPm9RxI,"We Tested Ten SUVs, Which One's the Best?",@MaCDaddy7774,Imagine putting the VW above the Honda😂😂 yall definitely just lost all credibility.,0,2026-02-21T04:07:01Z
XRUNyPm9RxI,"We Tested Ten SUVs, Which One's the Best?",@BlindTom61,"Korean vehicles have a HORRIBLE reputation for quality, dependability and fit and finish.",0,2026-02-20T20:17:33Z
XRUNyPm9RxI,"We Tested Ten SUVs, Which One's the Best?",@mageman483,Talking about tech and other stupid stuff instead of how reliable vehicles are/maintenance costs makes me not trust or believe anything you clowns say,0,2026-02-19T19:36:31Z
XRUNyPm9RxI,"We Tested Ten SUVs, Which One's the Best?",@juancordero3593,"Tiguan is very good? You’ll be in the repair shop making warranty claims and fighting dealership at 3,000 miles.",0,2026-02-18T16:13:34Z
XRUNyPm9RxI,"We Tested Ten SUVs, Which One's the Best?",@jajames8979,I wonder how much they are being paid to say that Kia is better than a Toyota or Honda.  I don’t trust any of these ratings as most get money from the car companies.,0,2026-02-17T21:38:46Z
XRUNyPm9RxI,"We Tested Ten SUVs, Which One's the Best?",@ashton6637ify,Love it,0,2026-02-16T15:18:39Z
XRUNyPm9RxI,"We Tested Ten SUVs, Which One's the Best?",@lobosolitario-j4c,Subaru Forester is rated number one by Consumer Reports and I agree with them. You're just one person who gives your own personal opinion. So for that reason you get a thumbs down.,0,2026-02-16T13:48:39Z
XRUNyPm9RxI,"We Tested Ten SUVs, Which One's the Best?",@LS1007,"Nothing about engines, horsepower, or transmissions. 👎🏻",1,2026-02-15T04:10:11Z
XRUNyPm9RxI,"We Tested Ten SUVs, Which One's the Best?",@robertgill3706,"doesn't really matter all the features and talk about the info screen, etc., but nothing about the drive train reliability",2,2026-02-14T22:18:27Z
XRUNyPm9RxI,"We Tested Ten SUVs, Which One's the Best?",@bnewt1139,"Had a 24 tucson hybrid. We now have a 25 Mazda cx5, Mazda is much better in all aspects except fuel economy. Much better build quality, tighter panel gaps, better drivers car. Not as fast as the Tucson hybrid (our cx5 isn't a turbo).
Too bad reviews didn't include cx5, unlike the cx50, the cx5 is still made in Japan, which is significant.",1,2026-02-14T18:46:13Z
XRUNyPm9RxI,"We Tested Ten SUVs, Which One's the Best?",@Lawl724,"Feels like Edmunds is sponsored by Hyundai and Kia for recommending the 2 most unreliable SUV's. If you value spending your hard earned money on a reliable SUV you can trust your family to be safe in, these are the top 4 from the video  
1) Toyota RAV 4
2) Subaru Forester Hybrid 
3) Honda CRV Hybrid
4) Mazda CX-50",0,2026-02-14T05:19:43Z
XRUNyPm9RxI,"We Tested Ten SUVs, Which One's the Best?",@Suction_,"The cx50 is the best option. It's the most reliable for the money. Honda quality has taken a steep downturn and like Toyota is wildly overpriced. The koreans are good values, but long term is a misnomer how they hold up, plus their resale is trash",0,2026-02-13T19:45:16Z
XRUNyPm9RxI,"We Tested Ten SUVs, Which One's the Best?",@DarleneJolley-j3b,"Nissan Rogue looks nice, good efficiency but am concerned with the CVT. Seems Nissan has a very questionable durability thing going on with their transmissions. Are they better now days?",0,2026-02-12T23:58:15Z
XRUNyPm9RxI,"We Tested Ten SUVs, Which One's the Best?",@josestube64,"I'd love to buy a VW Tiguan,  but VW MPG and reliability are terrible.",0,2026-02-12T16:28:28Z
XRUNyPm9RxI,"We Tested Ten SUVs, Which One's the Best?",@BlackBirdieGolf,My #1 is the Rav4,0,2026-02-12T12:48:49Z
XRUNyPm9RxI,"We Tested Ten SUVs, Which One's the Best?",@simul8guy75,The Tiguan looks great on the surface but with all of the turbocharger failures in the new turbo R-line model it should probably be a pass until VW irons out that issue.,0,2026-02-10T14:44:31Z
XRUNyPm9RxI,"We Tested Ten SUVs, Which One's the Best?",@ryankiblinger3382,The Mazda tech is far superior.  The knob is far safer and better than a touchscreen.,0,2026-02-10T04:11:14Z
XRUNyPm9RxI,"We Tested Ten SUVs, Which One's the Best?",@quinty26,"Where people spend their money, is what matters. Toyota wins at the dealerships.",0,2026-02-07T19:37:28Z
XRUNyPm9RxI,"We Tested Ten SUVs, Which One's the Best?",@carltonsimmons8620,Hang your giant water bottles. NOT an issue for most.,0,2026-02-07T04:47:19Z
XRUNyPm9RxI,"We Tested Ten SUVs, Which One's the Best?",@66Dakshinian,😂😂😂terrible review😅,0,2026-02-07T01:59:32Z
XRUNyPm9RxI,"We Tested Ten SUVs, Which One's the Best?",@MrCanadave,"Not too bad a video, but it leaves out perhaps the most important point which is reliability.",0,2026-02-07T00:45:47Z
XRUNyPm9RxI,"We Tested Ten SUVs, Which One's the Best?",@sebastianduarte4726,VW tiguan refinement and infotainment options is a win for me. the rest seems to generic!,0,2026-02-06T04:01:59Z
XRUNyPm9RxI,"We Tested Ten SUVs, Which One's the Best?",@Traumatree,"Testing Results on 10:

Subaru Forester Hybrid: 6.2
Ford Bronco Sport 6.3
Nissan Rogue Rock Creek 6.4
Mazda CX-50 7.4
Honda CR-V 7.5
VW Tiguan 7.6
Toyota RAV-4 8.1
Kia Sportage Hybrid 8.7
Hyundai Tuscon Hybrid 8.7

I have to say that this test is kind of weird considering some trims are hybrid, others are for off-road or their model year is not 2026.",0,2026-02-04T20:50:37Z
XRUNyPm9RxI,"We Tested Ten SUVs, Which One's the Best?",@joelpeterson2074,"The Ioniq 5 that is currently at the dealership because it bricked after 6 months and 3700 miles is the last Hyundai family vehicle I’ll ever mess with. But hey, it’s got a lot of fancy features!",0,2026-02-03T23:52:08Z
XRUNyPm9RxI,"We Tested Ten SUVs, Which One's the Best?",@RealLadyVance,Cx5 is better looking,0,2026-02-02T02:55:03Z
XRUNyPm9RxI,"We Tested Ten SUVs, Which One's the Best?",@jazzyjones6375,Honda Hybrid sport is awesome.,0,2026-02-01T07:25:03Z
XRUNyPm9RxI,"We Tested Ten SUVs, Which One's the Best?",@chrisn73,"Kia and Hyundai are a hard pass. 
I dont understand why people get such boners over technology.   

Nissan.. no way
VW questionable for the long term
Ford engines implode
Toyota YES
Mazda YES
Subaru  YES.

I own an older Forester and would buy another one in a heartbeat",0,2026-02-01T00:23:29Z
XRUNyPm9RxI,"We Tested Ten SUVs, Which One's the Best?",@cormacsage7126,I like Nick,0,2026-01-31T23:55:25Z
XRUNyPm9RxI,"We Tested Ten SUVs, Which One's the Best?",@fabioferreira8391,But what kind of people are You? you are saying Equinox is a good car. the piece of Crap breaks all of time. this is one of the worst mechanical nightmares!!!!,0,2026-01-31T22:07:26Z
XRUNyPm9RxI,"We Tested Ten SUVs, Which One's the Best?",@StrangeTimesNear,The best bang for the money reliability durability Honda can't go wrong,0,2026-01-29T20:33:41Z
XRUNyPm9RxI,"We Tested Ten SUVs, Which One's the Best?",@fredbergen6658,Thanks for finally saying Rogue vs. Rock ;),0,2026-01-29T17:39:53Z
XRUNyPm9RxI,"We Tested Ten SUVs, Which One's the Best?",@TRDTalk,Great comparison,0,2026-01-28T03:48:17Z
XRUNyPm9RxI,"We Tested Ten SUVs, Which One's the Best?",@markleggett3944,"I have never and will never carry around a giant water bottle. Show us something that is really important. Gee whiz screens and options prone to fail are much less important than the driving experience, reliability, etc.",0,2026-01-28T01:21:26Z
XRUNyPm9RxI,"We Tested Ten SUVs, Which One's the Best?",@Daniaal,It would be nice if you guys had a website we could use.,0,2026-01-27T20:39:40Z
XRUNyPm9RxI,"We Tested Ten SUVs, Which One's the Best?",@felipeneves7049,"You should have compared it whit  a more fully equipped version of the rogue, priced similarly to the competitors in question",0,2026-01-27T14:48:56Z
XRUNyPm9RxI,"We Tested Ten SUVs, Which One's the Best?",@Jimmyexplain360,idk why CRV is in the top list...i don't even like it from the exterior,0,2026-01-27T10:32:22Z
XRUNyPm9RxI,"We Tested Ten SUVs, Which One's the Best?",@timothygibney159,"Hyundai and Kia are trash reliability . They are ok if you lease only. I bought the Mazda CX 50 as the only real options are the Mazda, Honda, and Toyota as the rest will have problems after 4 years. VW and Kia especially have problems. The Suburu I guess is ok if you get non turbo due to head gasket issues w/turbo. 

To me Toyota was most boring and loud. Honda was great only if you get top trim. Mazda was fun with big pickup and I loved the heavy steering and ventilated seats and interior so I got it. RAV4 is good if you want room and duller ride. Crv is in between Mazda and Toyota in space and engine pickup.",0,2026-01-25T20:06:26Z
XRUNyPm9RxI,"We Tested Ten SUVs, Which One's the Best?",@mikespadafora9077,Seems like some of your priorities are of. Too much concern of tech over looks and reliability.,0,2026-01-25T18:06:09Z
XRUNyPm9RxI,"We Tested Ten SUVs, Which One's the Best?",@Doc1855,"The KIA / Hyundai 2.0L and 2.4L engines WILL FAIL before 100K miles and then the owner Must pay to have the blown engine removed and the new engine installed, which costs $3K -$4K.
Plus you have to rent a car while it’s in the shop.",0,2026-01-25T08:56:40Z
XRUNyPm9RxI,"We Tested Ten SUVs, Which One's the Best?",@Doc1855,"Every Automaker since 1990 have been shoving GLOOMY GRAY or DEATH BLACK interior’s as standard on Every vehicle.
Those colors are OLD OUTDATED BORING DEPRESSING AND FUGLY 🤮🤢",0,2026-01-25T08:52:46Z
XRUNyPm9RxI,"We Tested Ten SUVs, Which One's the Best?",@ChickenMan210,So where are the Teslas?,0,2026-01-24T03:09:25Z
XRUNyPm9RxI,"We Tested Ten SUVs, Which One's the Best?",@vcostor,those are built on a truck frame? they look like crossovers,0,2026-01-23T03:02:57Z
XRUNyPm9RxI,"We Tested Ten SUVs, Which One's the Best?",@ReligiousZombie,"We need legislation that requires touch screen controls to be disabled when the car is in motion.  That way, carmakers would be forced to provide buttons, dials and switches for all the functions a driver would want to adjust while driving, or risk losing market share.  Touch screens are a self-inflicted safety hazard that needs to be reigned in.",0,2026-01-22T08:01:38Z
XRUNyPm9RxI,"We Tested Ten SUVs, Which One's the Best?",@ILLiteSociety,Putting Hyundai and Kia above the Honda and Toyota is extremely laughable. Those are literally 2 of the most garbage car brands I’ve ever driven.,0,2026-01-22T03:33:55Z
XRUNyPm9RxI,"We Tested Ten SUVs, Which One's the Best?",@TryEvaflow,Cx 5 should have been Mazdas representative on this.,0,2026-01-21T22:01:51Z
XRUNyPm9RxI,"We Tested Ten SUVs, Which One's the Best?",@torpedocleado9893,Tiguan!,0,2026-01-21T20:31:16Z
XRUNyPm9RxI,"We Tested Ten SUVs, Which One's the Best?",@sm00v00,hyundai pay ads,0,2026-01-21T00:57:01Z
XRUNyPm9RxI,"We Tested Ten SUVs, Which One's the Best?",@hertzair1186,"If you install the metric of long term reliability, which most buyers in this segment pursue….it would be Mazda, Toyota and Honda.",0,2026-01-19T14:08:01Z
XRUNyPm9RxI,"We Tested Ten SUVs, Which One's the Best?",@mikesalaz275,Hyundai/kia #1. Sure if you like swapping engines every 75k miles,0,2026-01-18T08:02:13Z
XRUNyPm9RxI,"We Tested Ten SUVs, Which One's the Best?",@TimothySwanson-q8e,"Kia and Hyundai have long warranties when you buy them new. The local Kia dealer doubled the warranty 20 years 200k miles my old co worker blew up his motor at 160k Kia replaced motor no charge,he always had it serviced there so they knew the service record.",0,2026-01-18T04:04:10Z
XRUNyPm9RxI,"We Tested Ten SUVs, Which One's the Best?",@jamesbarbosa8714,We used to call those hatchbacks. I don't see a single SUV in the list.,0,2026-01-17T15:42:46Z
XRUNyPm9RxI,"We Tested Ten SUVs, Which One's the Best?",@Vvagw2,Sybau,0,2026-01-17T01:08:29Z
XRUNyPm9RxI,"We Tested Ten SUVs, Which One's the Best?",@jamesgalvin41,If you can fit a big bottle and have a passenger shelf you win this competition I guess,0,2026-01-16T05:27:45Z
XRUNyPm9RxI,"We Tested Ten SUVs, Which One's the Best?",@TheJudgeRules-s1y,Kia over Toyota & Honda.......You Funny!!!!,0,2026-01-16T00:19:48Z
XRUNyPm9RxI,"We Tested Ten SUVs, Which One's the Best?",@TheNash04,What about the Ford Escape Hybrid?  Funny that it was not mentioned.,2,2026-01-15T20:31:00Z
XRUNyPm9RxI,"We Tested Ten SUVs, Which One's the Best?",@zon4170,25:40 ???? What’s your pick guys,1,2026-01-15T14:54:13Z
XRUNyPm9RxI,"We Tested Ten SUVs, Which One's the Best?",@bharathsmarty9704,Can you please do on top 10 plugin in hybrids suvs on best performance and good standard price value,1,2026-01-15T00:22:42Z
XRUNyPm9RxI,"We Tested Ten SUVs, Which One's the Best?",@Jamarkus_Delvonte,They should make these cars free to black people since black people built this country.,0,2026-01-14T05:36:06Z
XRUNyPm9RxI,"We Tested Ten SUVs, Which One's the Best?",@Steve-n8i8q,The CX-50 is the best looking and best handling CUV in the segment.,0,2026-01-14T00:20:26Z
XRUNyPm9RxI,"We Tested Ten SUVs, Which One's the Best?",@Elsie-us2rd,Reliability is very important to me. Please include this in any reviews.,2,2026-01-13T17:10:35Z
XRUNyPm9RxI,"We Tested Ten SUVs, Which One's the Best?",@jetta.josh4,How y’all talk about fuel economy but not mention a single detail about the engines in these cars ?,0,2026-01-13T13:38:05Z
XRUNyPm9RxI,"We Tested Ten SUVs, Which One's the Best?",@jetta.josh4,SUV’s suck,0,2026-01-13T13:35:22Z
XRUNyPm9RxI,"We Tested Ten SUVs, Which One's the Best?",@marksmithj9892,100% totally disagree with the review of the Subaru. I love my Subaru! There is no chance I’d trade it for any other vehicle on this list. I test drove most of them..chose the Subaru…easy decision.,0,2026-01-12T23:04:41Z
XRUNyPm9RxI,"We Tested Ten SUVs, Which One's the Best?",@robertpiscatelli4855,I have a 2025 forester I don’t get the problem with the infotainment issue mine has no problems,0,2026-01-12T19:33:19Z
XRUNyPm9RxI,"We Tested Ten SUVs, Which One's the Best?",@truthnow902,I could give you the answer before you did this test!!!   HONDA #1 if you think differently than you have never owned one or you're just not too smart!!!,1,2026-01-12T03:52:29Z
XRUNyPm9RxI,"We Tested Ten SUVs, Which One's the Best?",@jeffjohnson5421,Hello!!!! Reliability......,0,2026-01-12T02:31:11Z
XRUNyPm9RxI,"We Tested Ten SUVs, Which One's the Best?",@MindfulBreathNow,Thanks.,0,2026-01-11T16:35:48Z
XRUNyPm9RxI,"We Tested Ten SUVs, Which One's the Best?",@hartlanddetailer5670,"Because of their predicated long term reliability, I would choose Lexus/Toyota.",0,2026-01-11T13:39:17Z
XRUNyPm9RxI,"We Tested Ten SUVs, Which One's the Best?",@Dereck-USA,This is the review I have been looking for. You covered it all.  Powerful and enjoyable. Thank you,0,2026-01-10T23:04:05Z
XRUNyPm9RxI,"We Tested Ten SUVs, Which One's the Best?",@GoNoso345,"After a ton of research I bought the Mazda Cx-50. So glad I did. Great value. Avoided the hump of the Honda (when you put the rear seats down), the poor reliability of the VW and Korean choices, and the high price of the Toyota.",0,2026-01-10T17:17:38Z
UQGTUonY5qs,Best Compact Car: 8-Car Mega Comparison,@aBlackWeb,Elantra should’ve been #1,0,2026-03-06T18:32:55Z
UQGTUonY5qs,Best Compact Car: 8-Car Mega Comparison,@tdrew337,I love my Nissan Sentra 👌,0,2026-03-06T07:17:26Z
UQGTUonY5qs,Best Compact Car: 8-Car Mega Comparison,@bryan.S7785,Keep tech out of cars. It’s supposed to be a utility to get you from point a to b and maybe a nice cruise once and awhile. People are so out of touch with reality nowadays with lighting and big touch screens. I say go back to the days where this tech crap was not a thing and cars did what cars should do best which is just Drive.,0,2026-02-27T14:04:43Z
UQGTUonY5qs,Best Compact Car: 8-Car Mega Comparison,@cvtechreview,"The Kia Forte, in my opinion, was much better looking than the Kia K4. Back in 2019, I bought a brand new 2019 Kia Forte Fe ""base"" with a 6MT, and it had a ton of features for a base model. I absolutely loved that car. Never had a single issue.",0,2026-02-25T22:37:01Z
UQGTUonY5qs,Best Compact Car: 8-Car Mega Comparison,@dipeachio6832,"Lmao Hyundai #2 until the motor implodes.
Also your Mazda mileage is out to lunch.
Daughter getting 5.4l in sedan 
We get 6.1 in the sport version  , both 2025
Our old 2017 mazda getting 5.2l/100km",0,2026-02-23T16:06:33Z
UQGTUonY5qs,Best Compact Car: 8-Car Mega Comparison,@RyanBerich-u1w,"I am surprised the Mazda3 is only 3rd. I have a 2019 (and 2015) Mazda3 and while it is dated, it is still the best handling.",0,2026-02-17T04:40:44Z
UQGTUonY5qs,Best Compact Car: 8-Car Mega Comparison,@kushing8,"Heavy duty mechanic by profession and after doing my research for a compact daily for Canada’s urban winters. I bought a 2026 Corolla awd hybrid and I’m loving it, I already have a fast high maintenance German for the weekends.",0,2026-02-09T15:42:04Z
UQGTUonY5qs,Best Compact Car: 8-Car Mega Comparison,@p12jacob,Cars have gotten so big that these cars are now called compact.,0,2026-02-07T12:53:55Z
UQGTUonY5qs,Best Compact Car: 8-Car Mega Comparison,@bekentech,"I rented a Jetta not too long ago.  A curious thing about those touch screen climate controls.   Whenever I placed my iPhone into the cubby hole under the climate control touch slide panel,  the wireless charging on the phone would seem to change the settings on the car's climate control.   If the phone moved around while in the cubby hole while driving, the climate control settings would change on their own.  Maybe the magnetic shielding (if there was any) was defective on the particular Jetta I had rented.   Thank-you for this comparison video, as I am currently in shopping mode for my next car.",0,2026-02-01T21:51:46Z
UQGTUonY5qs,Best Compact Car: 8-Car Mega Comparison,@Adam-t4y,"Mazda 3 hatchback better than any car on this list. Built in Japan, Beautiful Design, Reliable 2.5L 191HP NA Engine, Handles nice (even with rear torsion suspension) . Civic is a close second....",0,2026-01-30T13:48:56Z
UQGTUonY5qs,Best Compact Car: 8-Car Mega Comparison,@Phillip-k6l,"Why don't you compare data on reliability, cost of parts and frequency of repair and average number of lifetime miles of operation.",0,2026-01-28T06:51:29Z
UQGTUonY5qs,Best Compact Car: 8-Car Mega Comparison,@SwiftAnthony,Skoda Octavia FTW,0,2026-01-27T13:06:31Z
UQGTUonY5qs,Best Compact Car: 8-Car Mega Comparison,@BuggzBunni8,The civic is by far my favorite,0,2026-01-26T05:18:26Z
UQGTUonY5qs,Best Compact Car: 8-Car Mega Comparison,@krisskratt3600,"Even with the higher price, people voted with their wallet and Civic is another year as the best seller in Canada so that must say something. Plus, psychological, most people don't want to be seen in the cheapest car or trim.",0,2026-01-18T21:59:04Z
UQGTUonY5qs,Best Compact Car: 8-Car Mega Comparison,@robertk9936,Why wasn't Tesla model 3 included??,1,2026-01-18T15:18:51Z
UQGTUonY5qs,Best Compact Car: 8-Car Mega Comparison,@ForzahorizonFanYT,This video has the most facts by far,0,2026-01-18T14:40:42Z
UQGTUonY5qs,Best Compact Car: 8-Car Mega Comparison,@jetscreamer1,Today’s compact sedan were midsize sedan in 1990.,0,2026-01-17T08:58:38Z
UQGTUonY5qs,Best Compact Car: 8-Car Mega Comparison,@Stape_Playshion,Bought base model KIa K4 . Amazing car!,0,2026-01-16T00:56:52Z
UQGTUonY5qs,Best Compact Car: 8-Car Mega Comparison,@sakethromps1170,I still think you did Impreza dirty... It's a much better car than what's mentioned here and is much more practical than Mazda,0,2026-01-14T13:46:46Z
UQGTUonY5qs,Best Compact Car: 8-Car Mega Comparison,@jamesspeytebroodt7237,I find sentra the prettiest,0,2026-01-13T11:08:47Z
UQGTUonY5qs,Best Compact Car: 8-Car Mega Comparison,@JJustinXu,Corolla is the best!!!,1,2026-01-08T17:46:46Z
UQGTUonY5qs,Best Compact Car: 8-Car Mega Comparison,@kotzoun,"It's so weird. Some aspects you review are good, like looks and gas mileage. But really, I need this info; reliability, parts cost and availability, how silent the car is when driving over 60 mph, actual CAR facts. When I hear someone go, this car deliver this and that with the TECH, I'm really not bothered. Only ""tech"" I and many others need is AC and cruise control. That's it, it's a CAR.",1,2026-01-07T18:44:32Z
UQGTUonY5qs,Best Compact Car: 8-Car Mega Comparison,@GresSimJa,">compact car ranking
>look inside
>mid-size sedans",0,2026-01-05T05:45:39Z
UQGTUonY5qs,Best Compact Car: 8-Car Mega Comparison,@fmbk900,Your choice is great,0,2026-01-04T21:10:27Z
UQGTUonY5qs,Best Compact Car: 8-Car Mega Comparison,@lincolnmaniac,"Love my 2024 Sentra SR Paid $24,500 with tax and tags. Looked at and drove most of them. The Corolla was bland and in order to get heated seats you have to get the XLE that costs over $30,000 I will never own another Hyundai or Kia after two out of three bad Hyundai's, Won't own a VW either after owning one.",0,2026-01-04T18:13:06Z
UQGTUonY5qs,Best Compact Car: 8-Car Mega Comparison,@wilkinscapacetti5506,I really don't like SUVs or care for them period.,1,2026-01-04T03:36:52Z
UQGTUonY5qs,Best Compact Car: 8-Car Mega Comparison,@022141able,"No Nissan for me, awful reliability and may not make it for the long run.",0,2026-01-02T16:59:57Z
UQGTUonY5qs,Best Compact Car: 8-Car Mega Comparison,@justinbricco6086,"I love my 2025 Elantra SE :) Best car I’ve ever owned and very stylish, must be a different country thing as you stated because my base model has wireless car play! :) Not surprised it was only beat by the civic, very deserving of its spot on the list!",0,2026-01-01T20:00:29Z
UQGTUonY5qs,Best Compact Car: 8-Car Mega Comparison,@IamCaleum,"Nissan will ALWAYS be last because of the CVT is trash, they tend to make pretty good cars but that transmission is a grenade just waiting to destroy itself.  With how Hyundai/Kia treated its customers with their grenading Theta 2 engines and how easy they are to steal giving them higher insurance costs IF you can insure them in your area they are also out.",0,2026-01-01T14:56:25Z
UQGTUonY5qs,Best Compact Car: 8-Car Mega Comparison,@rachelm.3173,"I've had my base model, 2025 VW Jetta for a little over a year now. Great value for the money! It's a nice, classic, inexpensive sedan. Has a smooth and zippy ride. No complaints. I love it!",0,2025-12-31T06:22:11Z
UQGTUonY5qs,Best Compact Car: 8-Car Mega Comparison,@Tenthkim,Dammm cvt cars.,0,2025-12-30T04:21:06Z
UQGTUonY5qs,Best Compact Car: 8-Car Mega Comparison,@ForzahorizonFanYT,Bro compared the most expensive trims no one can afford 😂,18,2025-12-30T01:45:22Z
UQGTUonY5qs,Best Compact Car: 8-Car Mega Comparison,@johnsledge3942,Mazda 3 Turbo for the 250hp and gorgeously elegant interior for me.,0,2025-12-30T01:14:53Z
UQGTUonY5qs,Best Compact Car: 8-Car Mega Comparison,@jneedee,"Wow. As someone who is a DIYer and recently lost 10Gs on a bad Honda engine design, I'd like to expand a bit on these results... A car is much more than it's electronic gadgets, which in reality, creates really lazy and bad habits. Of ALL of the vehicles tested here, I find it misrepresentative of reality that the Nissan ends last in this test. It is the least gadgety and subjectively one of the top 2 best looking of the bunch. I recently test drove most of these vehicles and they all have jarring unexpected issues. Especially the lag on the VW and the crummy fabric inside the Honda. What's also surprising is that the Kia and the Hyundai finish so far apart given they practically the SAME vehicle at base. There is a lot of whine about how the Nissan falls behind on tech. Tech though, isn't trying to reconnect your phone multiple times or having so little adjustability in the driver assist controls. I think these are much more a nuisance and considerably more prone to issues than simply driving like a responsible citizen. Especially the cost when something goes wrong... And running costs is a HUGE consideration when you're rating on essentially what are ""economy"" minded vehicles. Any Turbo, no matter the recommendations, need to run on premium fuel in order to avoid issues - especially with the now common direct injection engines that build up carbon like nobody's business. And this adds a massive 35-50% to the cost of fuel alone, let alone the eventual Turbo rebuild. Essentially there are so many real world factors that go unconsidered in this comparison that it is unhelpful in any real way, and potentially misleading in others. I do however enjoy the in camera performance of the assessors. So thanks for that.",0,2025-12-27T16:18:17Z
UQGTUonY5qs,Best Compact Car: 8-Car Mega Comparison,@Mike-bx4gg,So which car is the best OVERALL ‼️👀,0,2025-12-27T02:14:20Z
UQGTUonY5qs,Best Compact Car: 8-Car Mega Comparison,@rediband,"The Honda 1.5L they put in most of their cars is not as as indestructible as older Honda engines. I wouldn't touch any Honda with that engine. That leaves a Mazda and a Hyundai in the top three, let that sink in. Those two are not moving up the rankings, it's that everyone else is moving down. Its absolutely pathetic. I would choose the Mazda, because they don't stick you with a CVT, and they are the most likely of these cars to not hit you with a big bill as soon as they go out of warranty.",0,2025-12-25T03:24:08Z
UQGTUonY5qs,Best Compact Car: 8-Car Mega Comparison,@ExpansiveAcorn,Where do yall think a Toyota Prius would land if it was included in this Mega Comparison.,0,2025-12-24T16:54:05Z
UQGTUonY5qs,Best Compact Car: 8-Car Mega Comparison,@WargasmHOOLIGAN,"I have Mazda 3 2.0 BN (I'm in Europe and I have the manual transmission), the one before this BP and I have to say that I do not feel any urge to buy a new car, it's if not the most reliable, one of the most reliable cars made in the last 15 years. Of course, it sucks at certain features/comfort but I rather have reliability over comfort.
Also, I don't know how hyundai is considered such a great car, I drove three hyundai and it's at most a mediocre brand, no feeling when driving, weird steering, cheap materials",0,2025-12-24T09:54:29Z
UQGTUonY5qs,Best Compact Car: 8-Car Mega Comparison,@RedEyeC,Sad that the Kia Forte was replaced by the K4 that loses 10 MPG on average.,0,2025-12-19T06:02:16Z
UQGTUonY5qs,Best Compact Car: 8-Car Mega Comparison,@jesusvillanuevalazaro8688,"Como fiel cliente de Honda desde hace 30 años,yde haber tenido 3 Civic me quedo con el nuevo por fiabilidad calidad y su compartimento en carretera no hay color con el resto está en otra liga Honda es Honda",0,2025-12-15T19:22:06Z
UQGTUonY5qs,Best Compact Car: 8-Car Mega Comparison,@trainglen22,"Love the Corolla and the Madza 3. The fact that Ford, GM and Chrysler don't get it that small sedans and hatchbacks are the way to go.",0,2025-12-10T23:14:22Z
UQGTUonY5qs,Best Compact Car: 8-Car Mega Comparison,@AkhilSharma-tk5qd,"Interior is garbage in mazda, elantra, k4, subaru . I ll choose jetta 1# and civic #2",1,2025-12-10T06:49:37Z
UQGTUonY5qs,Best Compact Car: 8-Car Mega Comparison,@AkhilSharma-tk5qd,"Jetta all day!!! I love the design, better fun to drive than all these, nice tech, excellent daily driving car with beautiful design.",1,2025-12-10T06:45:44Z
UQGTUonY5qs,Best Compact Car: 8-Car Mega Comparison,@JAANTARIQ.SA786,Love ❤️  jetta,1,2025-12-08T22:50:48Z
UQGTUonY5qs,Best Compact Car: 8-Car Mega Comparison,@JAANTARIQ.SA786,"TOYOTA  
VW 
Hate honda 
Hate Mazda 
Hate Hyundai 
Nissan Garbage 
Garbage.",0,2025-12-08T22:49:54Z
UQGTUonY5qs,Best Compact Car: 8-Car Mega Comparison,@momchilyordanov8190,"Would it kill you to adjust the driver's seat for a person of a certain height and sit in the back to show how much legroom there is? As real facts, not your entirely subjective feeling about the models",0,2025-12-07T10:34:48Z
UQGTUonY5qs,Best Compact Car: 8-Car Mega Comparison,@PumaPete,With all the problems Hyundai and Kia are having I wouldn’t touch one with a ten foot pole. I’m 99% sure I’m buying a civic Si.,0,2025-12-06T09:23:17Z
UQGTUonY5qs,Best Compact Car: 8-Car Mega Comparison,@drpeemac,"ENGINE RELIABILITY ...is more important than bells and whistles ...any time of the day or night... Honda civic 2016 made my dream come true, migrating from third world country to Australia...by not fkng up.",0,2025-12-05T06:55:21Z
UQGTUonY5qs,Best Compact Car: 8-Car Mega Comparison,@Three60Mafia,"It doesn't make sense that the elantra doesnt have wireless android auto (as stated). My 2023 elantra essential, the barebones model, has it. Pretty sure the reviewed model has it.",1,2025-12-03T02:05:55Z
UQGTUonY5qs,Best Compact Car: 8-Car Mega Comparison,@mikemccormick8115,"Mazda3 or CX30. Only decent size non turbo (ie., unreliable cheap junk) engine available that will last more than 5 years.",0,2025-12-02T07:36:53Z
UQGTUonY5qs,Best Compact Car: 8-Car Mega Comparison,@kaitai5900,"KIA/Hyundai.  No thanks.  How many of either does one see on the road more than 10 years old?  Almost none.  Crap mechanicals that does not stand the test of time and mileage on average.  How many Toyotas, Hondas, Mazdas, and Subarus over 10 years old?  All over the place daily with no effort.

Oh, and resale value is junkyard level,  the Japanese brands here still sell for near $10k at a decade old with good maintenance records.",0,2025-12-01T04:37:48Z
UQGTUonY5qs,Best Compact Car: 8-Car Mega Comparison,@ArshLX12,"Why would you put K4 GT-LINE but not a Elantra N line?? 
And really? Elantra hybrid? -_-",0,2025-11-30T12:59:37Z
UQGTUonY5qs,Best Compact Car: 8-Car Mega Comparison,@Kakistocracy-USA,2026 Mazda3 Preferred Sedan for me.  Still the best (& best looking) compact ICE vehicle in its segment IMO.,0,2025-11-30T04:10:06Z
UQGTUonY5qs,Best Compact Car: 8-Car Mega Comparison,@LosAngelesCycleVideo,Parking is a real issue which is why a lot of people will get a compact but this is not mentioned.,0,2025-11-29T16:37:26Z
UQGTUonY5qs,Best Compact Car: 8-Car Mega Comparison,@bilgewiseulgen,"The other 7 vehicles are wonderfully magnificent as compact sedans But the model of the Subaru Car here is not a compact sedan but a compact hatchback, in fact it should be removed only as a hatchback. Therefore, it is not spectacular.",0,2025-11-27T10:51:02Z
UQGTUonY5qs,Best Compact Car: 8-Car Mega Comparison,@Gefaehrte,I am very happy with my 2026 Honda Civic Hybrid Hatchback Sport Touring. Its ability to carry my bicycle inside with no disassembly is a big plus for me.,0,2025-11-25T14:19:29Z
UQGTUonY5qs,Best Compact Car: 8-Car Mega Comparison,@manrikigusari848,Go Honda,0,2025-11-23T06:19:06Z
UQGTUonY5qs,Best Compact Car: 8-Car Mega Comparison,@Mudinthetub,"Mazda is sooooo overrated. Interior has a thin layer of cheap “soft touch” material that fools everyone with “luxury “. It’s slow and the one I test drove had loud obnoxious clicking noise when opening the doors. It also looks like a damn egg, No thx! Toyota is booooooring!!! Give me the German #1 and Civic # 2 . I’d give civic the number 1 spot if its interior matched its price.",0,2025-11-23T03:54:02Z
UQGTUonY5qs,Best Compact Car: 8-Car Mega Comparison,@pedrofernandez8729,"Best? It depends on your needs. For me, a lowly 2010 Yaris is near perfect for my needs. If i need something better temporarily, I just rent something else.",0,2025-11-20T19:46:23Z
UQGTUonY5qs,Best Compact Car: 8-Car Mega Comparison,@adevidex2263,VW better than a SUBARU? Do not agree!,0,2025-11-15T16:34:38Z
UQGTUonY5qs,Best Compact Car: 8-Car Mega Comparison,@1dsammie,I'm trying to understand the bar thing seperating driver and passenger of elantra... anyone?,1,2025-11-13T10:52:08Z
UQGTUonY5qs,Best Compact Car: 8-Car Mega Comparison,@rafaeltorres2886,"The Corolla Hybrid is NOT cheap to own, SCHEDULED MAINTENANCE IS NOT CHEAP. 

I bought my daught a Toyota Hybrid and she pays on average 300.00  to 400.00 just for regular maintenance from the dealership,  I bought a 2025 Mazda3 turbo AWD ,I get my oil changes for free.",0,2025-11-12T00:22:30Z
UQGTUonY5qs,Best Compact Car: 8-Car Mega Comparison,@timoffreethought580,"Tech package delete !
Screens delete     unless you want navigation 
CVT   NO",0,2025-11-08T12:21:11Z
UQGTUonY5qs,Best Compact Car: 8-Car Mega Comparison,@JoiplkuyZyturew,That was very insightful.,0,2025-11-03T10:53:00Z
UQGTUonY5qs,Best Compact Car: 8-Car Mega Comparison,@cycletarmac,"What a stupid comparison.  The civid hybrid is so much more expensive than most of the rest.  Compare a gas model Civic against the rest.  Another commenter was right, if you are adding the hybrid Civic to the comparison you need to add the si and GLI.

I've had 5 civics since 1995 up to 2018 and each time the quality dropped.  Bad quality brakes, engine problems, power steering rack failure and now an elevated price with no deals to be had.  Since then I had a 2019 GLI and the 2022 Jetta and now a 2026 Impreza RS.  I've had over 20 vehicles since 1995 so more than the average person.  Here are the highlights.

- 1995 Civic in manual lasted 180k km but did have engine gasket issues but that was at the end and I pushed that egine hard and never replaced the clutch.
- Used 2008 V6 Sport Rav4.  Had it for 5 years after I bought it used and put about 70k km.  No problems other than failing sunroof.  In the end the back seat was just too uncomfortable (seats too low) as the kids got bigger.
- 2007 Subaru Impreza: this was a tank in manual transmission.  Tried to get stuck in the snow but couldn't.   Not sure why I got rid of it to be honest.
- 2021 Tiguan - still have this and out of all the family size vehicles that I had (2001 Outback, 2007 Pilot, 2008 Odyssey, 2011 Forester, 2008 Rav4, 2017 Highlander, 2018 Santa Fe) the Tiguan is the Goldilocks of the group when considering space, power, handling, price, styling).  Luckily I had warranty for engine repair so we'll see how much lo ger I keep it considering powertrain warranty ends in August 2026.  This has been my favourit family hauler.
- 2019 GLI which I bought in 2021.   Felt fast when I first bought it and was fun to drive in manual.  Shifter was quite clunky until it warmed up in the winter and really poor traction even with winters.  Traded this in for a 2022 Jetta because the used market prices were crazy high and I got 8k more than I paid for my GLI one year later.   2022 Jetta had for 3 years and was on its 3rd set of rear brakes.  Sun glasses compartment failure (same as the tiguan) and steering  wheel had to be replace because of faulty sensors.  Really poor quality car and cheap radio and suspension. 
-2026 Subaru Impreza RS (Citron Yellow) - Traded in the leased 2002 Jetta and got $3300 in equit out of a car I put no money down on.  Early days but can without a doubt saythe best handling vehicle I have ever had.  The CVT surprising responsive  - doesntmake me miss my GLI.  Paddle shifters actually do something and ""shifting"" down actually slows down the vehicle similar to a manual where you often dont need to brake - unlike other brands that have 'manual mode' that just make the engine louder - talking about you Hyundai.

In the end,  Civics are not as good as they used to be and Honda is relying on past reputation.  They aren't bad cars but they don't justify their crazy prices nor fiance rates.  There are better cars out there with better deals to be had.  

I'm paying $380 taxes in on a Impreza RS lease.  Tell me where you can find a car of this quality for that price today  - CDN dollars.",0,2025-11-01T10:49:07Z
UQGTUonY5qs,Best Compact Car: 8-Car Mega Comparison,@j-mtheriault8001,"The Gli would be less expensive then some of those. I got mine (manual w/o the black package) for just below 36k(can). You get adaptative dampers, a imited slip diff, multi-link rear and a lot more power. Fuel economy would still be better then some of those.",1,2025-10-31T00:49:09Z
UQGTUonY5qs,Best Compact Car: 8-Car Mega Comparison,@carlosrosa8748,"""Still loading"" Ha, ha, ha!!",0,2025-10-30T19:00:32Z
UQGTUonY5qs,Best Compact Car: 8-Car Mega Comparison,@turbodiesel500,Jetta all the way. I wouldn't consider buying any of the others.,1,2025-10-30T16:13:23Z
UQGTUonY5qs,Best Compact Car: 8-Car Mega Comparison,@feelsb4reals_,I’m the biggest MBB fan now because of this one.,0,2025-10-30T02:40:43Z
UQGTUonY5qs,Best Compact Car: 8-Car Mega Comparison,@jamesanderson2891,"My formula is simple: No Turbo, No DSG transmission, No Tiny Engine, and No Complex Engineering.",0,2025-10-29T17:44:07Z
UQGTUonY5qs,Best Compact Car: 8-Car Mega Comparison,@SirMorak,So Toyota Prius is considered a sedan? I thought it would be compared to a Civic.,0,2025-10-28T23:21:46Z
UQGTUonY5qs,Best Compact Car: 8-Car Mega Comparison,@sunilayya8948,Mazdas are too classy for mainstream  canadian and American tastes. Gorgeous Cars like the 6 failed because such markets preferred appliances like camry and accord .The 3 is also far cooler than a corolla or civic .,0,2025-10-27T17:01:21Z
UQGTUonY5qs,Best Compact Car: 8-Car Mega Comparison,@DeLaGhetto8301,These modern car reviews are absolute garbage. You want Rolls-Royce quality and Ferrari performance out of bargain base vehicles.,0,2025-10-27T05:31:14Z
UQGTUonY5qs,Best Compact Car: 8-Car Mega Comparison,@2bookoo4u,"The Subaru should be #2, not 7.",0,2025-10-25T12:42:44Z
UQGTUonY5qs,Best Compact Car: 8-Car Mega Comparison,@herschelhatcheriv9577,"Kias, Nissans, Hyundais, VWs….all bad cars. Toyota, Honda, Mazda, Subaru… Great!",0,2025-10-23T21:10:25Z
UQGTUonY5qs,Best Compact Car: 8-Car Mega Comparison,@zas8467,After subaru I stopped watching this crap,0,2025-10-22T11:18:31Z
UQGTUonY5qs,Best Compact Car: 8-Car Mega Comparison,@jask320,"I had a rental corolla for a week, I loved it. It had 47k km on it and already had rattles in the dashboard and doors. Well, it was a rental car, nobody knew what happened to it. Overall, it is very fuel efficient and even fun to drive. However, my choice would be Honda civic touring",0,2025-10-22T06:51:34Z
UQGTUonY5qs,Best Compact Car: 8-Car Mega Comparison,@WorthlessGollywogs,So it's auto reviewers and not the masses that want to do away with physical buttons. POS.,0,2025-10-21T14:22:13Z
UQGTUonY5qs,Best Compact Car: 8-Car Mega Comparison,@WorthlessGollywogs,"BLACK TRIM AND WHEELS, MUCH LIKE THE BIPEDS, ARE VOMIT.",0,2025-10-21T14:17:06Z
UQGTUonY5qs,Best Compact Car: 8-Car Mega Comparison,@craigster1234,"To say the Corolla and the Impreza are AWD really is misleading. Only the Impreza is AWD. The Corolla is part-time AWD. A big difference. That said... visiting friends and unaware that 5"" of snow has fallen? What car would you rather have the keys to?",0,2025-10-19T10:41:08Z
UQGTUonY5qs,Best Compact Car: 8-Car Mega Comparison,@ShroudJuddha,I liked everything about this.,0,2025-10-19T06:34:01Z
UQGTUonY5qs,Best Compact Car: 8-Car Mega Comparison,@SRGjr16,Honda civic is the winner,1,2025-10-15T16:03:00Z
UQGTUonY5qs,Best Compact Car: 8-Car Mega Comparison,@RicardoStumpf,"In Brazil, none of these are considered compact cars, but medium-sized ones. Taxes comprises 50% of a car’s price, so your compact cars are for affluent people here.",0,2025-10-12T17:33:37Z
UQGTUonY5qs,Best Compact Car: 8-Car Mega Comparison,@vertik7,"Here is my rating 1. Nissan Sentra (Perfection) 2. Toyota Corolla (Reliable, but ugly, bad dealers). 3. Hyundai Elantra (Not fast enough, looks a little better than Kia, still ugly) 4. Kia K4 (Design problems). 5. Honda Civic (No options and most expensive, design problems). 6. Mazda 3 (No 12 Volt jack). Subaru Impreza, it's ok, but it has no base trim, it's not a sedan, it's awd, so can't be in this list. VW Jetta - cheap materials, reliability unknown.",0,2025-10-11T03:00:06Z
UQGTUonY5qs,Best Compact Car: 8-Car Mega Comparison,@hellojennifer520,How is Kia and Hyundai better then Nissan?!,0,2025-10-09T07:33:11Z
UQGTUonY5qs,Best Compact Car: 8-Car Mega Comparison,@rayshinglin4144,Sure it’s all nice in comparing MSRP but many of these top ranked cars are selling above MSRP,0,2025-10-09T05:01:52Z
UQGTUonY5qs,Best Compact Car: 8-Car Mega Comparison,@dariuschicic8141,"IMO ride comfort is not valued heavily enough. A lot of people think that a sportier feeling is the sign of a premium vehicle. A stiff chassis is valuable, but needlessly stiff suspension, brakes and throttle just tire the driver out prematurely. It's not a sports car category after all. A comfy seat with lumbar adjustment, tires with big sidewalls and a refined, soft suspension are great things to shop for.",3,2025-10-08T22:39:25Z
UQGTUonY5qs,Best Compact Car: 8-Car Mega Comparison,@Arete37,"Why isn't the VW Golf here? Apart from a constantly leaking sun roof, that is a good car.",0,2025-10-08T22:13:16Z
UQGTUonY5qs,Best Compact Car: 8-Car Mega Comparison,@mohyim0280,"Civic
Mazda
K4 
Elantra 
Jetta 
Impreza
Corolla(bad interior weak engine less spacious ride quality is way below honda and the koreans)
Sentra",0,2025-10-08T12:48:27Z
UQGTUonY5qs,Best Compact Car: 8-Car Mega Comparison,@mohyim0280,The kia being so far back is strange... best tech and features very comfortable and spacious 190hp 8speed non dct excellent economy on a nonhybrid. Only the civic is beating it but it's more expensive. Elantra Corolla and Mazda all come short of those 2.,1,2025-10-08T12:43:32Z
UQGTUonY5qs,Best Compact Car: 8-Car Mega Comparison,@TX2673XA,"I wanted to buy a Honda, and when i entred inside a Civic...omg the materials ,and all black or dark inside pfffff.
My last Honda was a Civic 2015 touring and it was a nice car but i wanted better materials inside better lights beter safety a quiet car. 
I am now a Volvo owner. 
I love my car , quiet nice materials and suler fast. 
Hawe all a nice week and many km without service 😉",0,2025-10-04T16:58:41Z
UQGTUonY5qs,Best Compact Car: 8-Car Mega Comparison,@mannylumbres520,I'll go with the Corolla. I will not buy anything with direct injection.,0,2025-10-04T05:42:25Z
UQGTUonY5qs,Best Compact Car: 8-Car Mega Comparison,@noweon,"Sentra, but the 6-manual one 😍",0,2025-10-01T01:16:52Z
UQGTUonY5qs,Best Compact Car: 8-Car Mega Comparison,@BevoEdcer,"It will be the Honda Civic, Mazda 3, and then Toyota Corolla for me.",0,2025-09-28T05:15:16Z
UQGTUonY5qs,Best Compact Car: 8-Car Mega Comparison,@TheHuskyK9,"I drive a 2021 Jetta and I love how it drives. You are right, the engine numbers doesn't do it justice of how quick and snappy it is, it's almost misleading. It feels a lot more powerful than 155 HP. Now I have a 2021 version without the haptic touch (which I prefer). Never been a fan of haptic touch controls, especially for the climate. Give me my knobs and buttons! I don't care how ""dated"" it looks, it's functional.",1,2025-09-28T03:02:26Z
UQGTUonY5qs,Best Compact Car: 8-Car Mega Comparison,@sokratzmmf,Mazda3 is so claustrophobic inside and feels very cramped. Mazda focused more on design over function.,2,2025-09-26T17:58:39Z
UQGTUonY5qs,Best Compact Car: 8-Car Mega Comparison,@danieldougan269,"The most important aspect of a car, especially in this category, is its reliability. That makes the ranking of a VW over a Subaru baffling. Sure, you might have more fun driving a VW, but for how long before it's spending all its time in the shop?",0,2025-09-25T15:39:52Z
UQGTUonY5qs,Best Compact Car: 8-Car Mega Comparison,@Moko4209,Civic 100%❤,0,2025-09-24T00:57:04Z
UQGTUonY5qs,Best Compact Car: 8-Car Mega Comparison,@djk856,I literally just bought a Sentra last week. I like it. It’s nice. I test drove a Jetta and Corolla too. But I liked the Nissan best,4,2025-09-24T00:41:38Z
UQGTUonY5qs,Best Compact Car: 8-Car Mega Comparison,@BretKel,Wouldn't touch Hyundai or Kia ever again. Had both and had problems. Both vehicles blew their engines. And the designs are polarizing and do not age well.,0,2025-09-14T22:24:41Z
OVS0BMMrU5M,Kia K4 vs. Toyota Corolla Hybrid vs. Honda Civic Hybrid: Which Compact Sedan Is Best?,@edmundscars,"SUVs might get most of the headlines these days, but the sedan isn’t dead and these three offer compelling features and value. Does the Kia’s styling and technology, or the Civic Hybrid’s fantastic drivability and refinement appeal to you more? Let us know in the comments below!",34,2025-02-06T17:06:33Z
OVS0BMMrU5M,Kia K4 vs. Toyota Corolla Hybrid vs. Honda Civic Hybrid: Which Compact Sedan Is Best?,@NirreFirre,"147hk and ""trouble getting up to highway speed and passing"" 😂 
Does he even know how to drive? I daily drive a Focus mk2 with 125 when it was new, have no issues with that. You learn how to observe the traffic and plan ahead..Using your shifter. I know having a European driver's license is way more likely to make us learn this from day 1 but still 😢 ""Push pedal. Push it more hard"" is not how you drive",0,2026-03-02T22:02:29Z
OVS0BMMrU5M,Kia K4 vs. Toyota Corolla Hybrid vs. Honda Civic Hybrid: Which Compact Sedan Is Best?,@ElectricBill-v3f,"To much jumping around from car to car to car, inside of this one, jump to outside of that one, without kinda giving a heads up as to what's next, it's called whiplash, your all over the place.",0,2026-02-09T01:15:50Z
OVS0BMMrU5M,Kia K4 vs. Toyota Corolla Hybrid vs. Honda Civic Hybrid: Which Compact Sedan Is Best?,@Wzci12,"That K4 sure looks nice. If Hyundai & Kia keep improving their reliability, they're going to surpass Honda. I know it won't happen, but I want them to beat Toyota as well. Toyota has gotten VERY lazy with its styling. And none of their vehicles feel as refined as most other cars.",0,2026-02-06T05:54:58Z
OVS0BMMrU5M,Kia K4 vs. Toyota Corolla Hybrid vs. Honda Civic Hybrid: Which Compact Sedan Is Best?,@EvendimataE,$30K FOR CIVIC HYBRID. THAT IS THE PRICE OF THE MORE BEUTIFUL CAMRY HYBRID,0,2026-02-04T17:26:29Z
OVS0BMMrU5M,Kia K4 vs. Toyota Corolla Hybrid vs. Honda Civic Hybrid: Which Compact Sedan Is Best?,@EvendimataE,"THE KIA K4 IS THE MOST BEAUTIFUL. IT EVEN HAS THE APPEAL OF A MIDSIZE SEDAN, AND EVEN MORE BEAUTIFUL THAN THE ACCORD. KIA PLEASE MAKE A TRIM WITH AN OPTION FOR TOYOTA ENGINE LOL",0,2026-02-04T17:11:35Z
OVS0BMMrU5M,Kia K4 vs. Toyota Corolla Hybrid vs. Honda Civic Hybrid: Which Compact Sedan Is Best?,@jimmymorales4405,"For aesthetics Kia might be 1st, but for quality it would be dead last.",0,2026-01-30T22:45:09Z
OVS0BMMrU5M,Kia K4 vs. Toyota Corolla Hybrid vs. Honda Civic Hybrid: Which Compact Sedan Is Best?,@Ls2raw,Bro just hates Kia,0,2026-01-20T04:55:03Z
OVS0BMMrU5M,Kia K4 vs. Toyota Corolla Hybrid vs. Honda Civic Hybrid: Which Compact Sedan Is Best?,@pjmuck,"I can't stand the look of a display sitting above the dash. (Toyota's looks the worst, IMO and why would I want an even bigger display sitting on top of my dash?). All that available real estate under or in the dash and they stick it on top? Makes me feel like a freakin' cab driver! I'll take the Kia. (Or Hyundai Elantra, which I've been very happy with).",0,2026-01-16T08:50:55Z
OVS0BMMrU5M,Kia K4 vs. Toyota Corolla Hybrid vs. Honda Civic Hybrid: Which Compact Sedan Is Best?,@랭보투엘브,The Corolla has a working 90s television mounted on the dashboard for durability.,3,2026-01-04T07:03:18Z
OVS0BMMrU5M,Kia K4 vs. Toyota Corolla Hybrid vs. Honda Civic Hybrid: Which Compact Sedan Is Best?,@kre81188,How well does a lithium battery work when submerged in saltwater?? 😂😂😂,1,2025-12-29T21:45:24Z
OVS0BMMrU5M,Kia K4 vs. Toyota Corolla Hybrid vs. Honda Civic Hybrid: Which Compact Sedan Is Best?,@carloscastelo861,The problem with all theses reviews from these organizations reviews is that they never consider the cars’ reliability and in that respect the Kia finishes last. So I take these reviews with a grain of salt,0,2025-12-21T18:06:44Z
OVS0BMMrU5M,Kia K4 vs. Toyota Corolla Hybrid vs. Honda Civic Hybrid: Which Compact Sedan Is Best?,@garrettbarbosa4982,"Sorry bro but KIA IS NOW WHAT the other 2 once were!!! The other 2 got Greedy fat and Arrogant!!! And if you put gas mileage as your biggest priority you’re not a driving enthusiast and probably voted for biden and masks! If you drive a lot and want to enjoy the journey and a car you can actually afford to buy and not have dealers slapping 5 to 10 grand on top of the sticker,Honda!!! You will find yourself telling Honda and Toyota to kiss your behind and embrace the company that is doing what the other 2 forgot what made them great and had loyal customers, I was one such customer for decades but will now take my money to KIA thanks 🙏 for offering working class people a better option!!! With good gas mileage without forgetting all the other things drivers appreciate!",1,2025-12-20T05:36:37Z
OVS0BMMrU5M,Kia K4 vs. Toyota Corolla Hybrid vs. Honda Civic Hybrid: Which Compact Sedan Is Best?,@Durmomo0,"Wow, the Toyota ended up coming out looking pretty bad.
I think I would take the Civic > K4 > Corolla",0,2025-12-17T06:08:54Z
OVS0BMMrU5M,Kia K4 vs. Toyota Corolla Hybrid vs. Honda Civic Hybrid: Which Compact Sedan Is Best?,@automandan,"I feel that there's a bit of bias towards the K4 when compared to its rivals.
For one, the K4 is a bit slow off the line. However, once you get in the powerband, it moves. Also if you need to get off line you can always put it in sport mode. Compared to the other vehicles, I feel that Kia is equal or slightly ahead of their competitors, especially in terms of interior and I do agree that road noise is a bit much however it's minor compared to the other 2.",2,2025-12-12T08:28:21Z
OVS0BMMrU5M,Kia K4 vs. Toyota Corolla Hybrid vs. Honda Civic Hybrid: Which Compact Sedan Is Best?,@Ferals-ik4xk,"kia is like kpop idols, so pretty",0,2025-12-10T18:07:21Z
OVS0BMMrU5M,Kia K4 vs. Toyota Corolla Hybrid vs. Honda Civic Hybrid: Which Compact Sedan Is Best?,@automandan,"I don't know what kind of stuff the people at Edmunds are smoking. But I think the Kia K4 for its price is considerably better. While not as good looking as the Corolla or the civic it in my opinion, has considerably better interior quality than Corolla. Plus the features that you get for the price. It's a no-brainer. Yes, the vehicle is very blocky and not as streamlined as the other 2. However, what it lacks in style it makes up for in interior and legroom. The Kia K4 has considerably more interior space than the other 2 by a large margin. Plus it's cheaper than the other 2.",0,2025-12-09T09:19:47Z
OVS0BMMrU5M,Kia K4 vs. Toyota Corolla Hybrid vs. Honda Civic Hybrid: Which Compact Sedan Is Best?,@aevorozco,"I do appreciate your very honest review. I was considering the Civic earlier but what turned me off it the small infotainment screen. As for the Corolla, I totally agree that the interior is very cheap and mostly plastic. The Kia K4 is my top choice as I always wanted big screens and has so much amenities and features that already comes with the vehicle. As  for Toyota and Honda, I need to pay extra for those additional features and amenities.",0,2025-12-07T09:49:25Z
OVS0BMMrU5M,Kia K4 vs. Toyota Corolla Hybrid vs. Honda Civic Hybrid: Which Compact Sedan Is Best?,@AlexAndra-iy5zu,"I’ve been leaning towards the Honda Civic and finally someone has put it in first place. With all the videos I have been watching I already thought it was in first place, but nobody would say it. So TYSM 😊",0,2025-12-07T05:01:30Z
OVS0BMMrU5M,Kia K4 vs. Toyota Corolla Hybrid vs. Honda Civic Hybrid: Which Compact Sedan Is Best?,@AlexAndra-iy5zu,"Thank you for telling the truth. Thank you for giving your personal opinion.  I’m in the market for a new vehicle and I’ve been watching a lot of videos about Toyota and Honda and they keep saying they are comparable to each other. One has to be better than the other. IMO 

So Ty 😊",0,2025-12-07T04:55:45Z
OVS0BMMrU5M,Kia K4 vs. Toyota Corolla Hybrid vs. Honda Civic Hybrid: Which Compact Sedan Is Best?,@AlexAndra-iy5zu,"I have a friend who brought a brand new Kia hatchback for just a little under 18 K. For a young single person wanting zero headaches and Warranty I thought 18 K was pretty darn good. If I remember correctly, she paid $17,300.00",0,2025-12-07T04:33:47Z
OVS0BMMrU5M,Kia K4 vs. Toyota Corolla Hybrid vs. Honda Civic Hybrid: Which Compact Sedan Is Best?,@doloreslara351,You can’t go wrong with Honda or Toyota moter last Kia has better interior,0,2025-11-30T19:57:27Z
OVS0BMMrU5M,Kia K4 vs. Toyota Corolla Hybrid vs. Honda Civic Hybrid: Which Compact Sedan Is Best?,@kenhoward3512,"Kia has been around long enough, by now, for their engineers to understand how to get rid of turbo-lag and the transmission bouncing back-and-forth between 2nd and 3rd gears. It's like the company just doesn't care to do better than (barely) ""good enough"" for who they perceive their customers as.",0,2025-11-29T18:59:03Z
OVS0BMMrU5M,Kia K4 vs. Toyota Corolla Hybrid vs. Honda Civic Hybrid: Which Compact Sedan Is Best?,@kellyaustin7487,Not having rear AC vents and USB connectivity is criminal in 2025 for any auto manufacturers! Especially at these prices.,0,2025-11-24T16:18:37Z
OVS0BMMrU5M,Kia K4 vs. Toyota Corolla Hybrid vs. Honda Civic Hybrid: Which Compact Sedan Is Best?,@miketayse,Thanks for the review. Would have been nice to evaluate the Hyundai Elantra hybrid next to these.,0,2025-11-22T18:39:26Z
OVS0BMMrU5M,Kia K4 vs. Toyota Corolla Hybrid vs. Honda Civic Hybrid: Which Compact Sedan Is Best?,@ESHANABROOK,"I am 64 and have never owned an automatic transmission car and I have a 2019 SI.
The SI might be a little slower 0-60m but it's a great ""drivers car"".
It's very likely I will get another one in a few years, their not going to be around forever.",0,2025-11-21T17:50:46Z
OVS0BMMrU5M,Kia K4 vs. Toyota Corolla Hybrid vs. Honda Civic Hybrid: Which Compact Sedan Is Best?,@tootsiejoon,I wouldn’t want any of them if you give them to me for nothing!!,0,2025-11-20T03:23:22Z
OVS0BMMrU5M,Kia K4 vs. Toyota Corolla Hybrid vs. Honda Civic Hybrid: Which Compact Sedan Is Best?,@MikaIbrahim-zs5un,"Toyota maybe a good reliable car, followed by Honda but if you want to have fun. I think K4 offers more for fun and beauty. I think it maybe early to judge the K4 engine performance and reliability given that it is a brand new model. In contrast we know that Toyota never failed us over time.",0,2025-11-18T06:24:10Z
OVS0BMMrU5M,Kia K4 vs. Toyota Corolla Hybrid vs. Honda Civic Hybrid: Which Compact Sedan Is Best?,@juanvalencia9378,Why is the Kia k4 even in a comparison against hybrids? It's mpg is pretty bad in comparison. Especially when it's not even faster than them!,0,2025-11-16T02:28:18Z
OVS0BMMrU5M,Kia K4 vs. Toyota Corolla Hybrid vs. Honda Civic Hybrid: Which Compact Sedan Is Best?,@UnboxedEthics,Is the biggest screen really a good feature. What’s the longevity of these screens? I don’t need 3 massive I pads in my car. Bring back analog gauges!!!,0,2025-11-15T12:19:58Z
OVS0BMMrU5M,Kia K4 vs. Toyota Corolla Hybrid vs. Honda Civic Hybrid: Which Compact Sedan Is Best?,@diehappy3997,Either he is a big guy or those cars are really cramped inside.,0,2025-11-14T22:37:22Z
OVS0BMMrU5M,Kia K4 vs. Toyota Corolla Hybrid vs. Honda Civic Hybrid: Which Compact Sedan Is Best?,@Firecap74,"Once again the Honda does NOT HAVE A CVT! It doesn’t even have a transmission per se, it’s got 2 electric motors. One for drive and one for power(generator) and a clutch to the engine at higher speed. It’s basically an EV with a gas generator. Look into it, you’re the ones doing the reviews.",0,2025-11-05T22:17:11Z
OVS0BMMrU5M,Kia K4 vs. Toyota Corolla Hybrid vs. Honda Civic Hybrid: Which Compact Sedan Is Best?,@martinduke368,Did you mention which one can change lanes with you only holding the steering wheel?,0,2025-11-04T01:39:54Z
OVS0BMMrU5M,Kia K4 vs. Toyota Corolla Hybrid vs. Honda Civic Hybrid: Which Compact Sedan Is Best?,@martinduke368,"Bad idea to think the Civic Hybrid will beat the K4 in the wintertime. The K4 can get in the 40s all year long. Wintertime? Depending on the tires, almost the same as the Civic.",0,2025-11-04T01:38:54Z
OVS0BMMrU5M,Kia K4 vs. Toyota Corolla Hybrid vs. Honda Civic Hybrid: Which Compact Sedan Is Best?,@martinduke368,"Motorweek got 0 to 60 in 6.7 as did another competitor, and 8.2 for the base models. What I like is that I came back to the dealer from a test drive at almost 39 mpg... 42 for the base. I did 35 in the Si but drove it hard the first two stoplights with a better soundtrack. For you have to have an hatchback Si... the sedan is the quietest Si I've ever driven or owned.",0,2025-11-04T01:18:09Z
OVS0BMMrU5M,Kia K4 vs. Toyota Corolla Hybrid vs. Honda Civic Hybrid: Which Compact Sedan Is Best?,@Billbeheler89,I’m sorry but long live the 1.5 turbo.,0,2025-11-02T05:07:23Z
OVS0BMMrU5M,Kia K4 vs. Toyota Corolla Hybrid vs. Honda Civic Hybrid: Which Compact Sedan Is Best?,@TrangLe-k3c,This is an underrated channel.,0,2025-10-28T10:57:23Z
OVS0BMMrU5M,Kia K4 vs. Toyota Corolla Hybrid vs. Honda Civic Hybrid: Which Compact Sedan Is Best?,@chrishatley9687,Waiting on the new Prelude,0,2025-10-26T16:30:18Z
OVS0BMMrU5M,Kia K4 vs. Toyota Corolla Hybrid vs. Honda Civic Hybrid: Which Compact Sedan Is Best?,@forrestegan,I really hate the new KIA logo.,0,2025-10-15T03:30:03Z
OVS0BMMrU5M,Kia K4 vs. Toyota Corolla Hybrid vs. Honda Civic Hybrid: Which Compact Sedan Is Best?,@saltamonte777,"K4 by a mile IMO. Far better interior and exterior design, better tech, and cheaper than the Civic.",0,2025-10-14T05:40:59Z
OVS0BMMrU5M,Kia K4 vs. Toyota Corolla Hybrid vs. Honda Civic Hybrid: Which Compact Sedan Is Best?,@mohyim0280,I just can't have it with cvts...K4 with an 8 speed is my pcik,0,2025-10-07T20:25:04Z
OVS0BMMrU5M,Kia K4 vs. Toyota Corolla Hybrid vs. Honda Civic Hybrid: Which Compact Sedan Is Best?,@lauriahonen2892,Mazda 3 ?,0,2025-10-05T12:20:46Z
OVS0BMMrU5M,Kia K4 vs. Toyota Corolla Hybrid vs. Honda Civic Hybrid: Which Compact Sedan Is Best?,@zigma4,"Very informative,Thank you",0,2025-10-03T12:13:44Z
OVS0BMMrU5M,Kia K4 vs. Toyota Corolla Hybrid vs. Honda Civic Hybrid: Which Compact Sedan Is Best?,@Ezq95,People are pleading automakers to make cars with less touch options and more manual buttons.,0,2025-09-30T01:03:09Z
OVS0BMMrU5M,Kia K4 vs. Toyota Corolla Hybrid vs. Honda Civic Hybrid: Which Compact Sedan Is Best?,@Ezq95,Please remove the Kia of this. Dangerous cars. I almost got killed in one. Technology is definitely dangerous in a Kia,1,2025-09-30T00:54:42Z
OVS0BMMrU5M,Kia K4 vs. Toyota Corolla Hybrid vs. Honda Civic Hybrid: Which Compact Sedan Is Best?,@MegganGrantham,You make it look so easy.,0,2025-09-28T16:28:07Z
OVS0BMMrU5M,Kia K4 vs. Toyota Corolla Hybrid vs. Honda Civic Hybrid: Which Compact Sedan Is Best?,@BosqueFelicia,Personal anecdotes make technical content sticky.,0,2025-09-24T07:14:54Z
OVS0BMMrU5M,Kia K4 vs. Toyota Corolla Hybrid vs. Honda Civic Hybrid: Which Compact Sedan Is Best?,@AubryHsieh,Finance and crypto dips trigger urgent explainer demand.,0,2025-09-23T11:27:36Z
OVS0BMMrU5M,Kia K4 vs. Toyota Corolla Hybrid vs. Honda Civic Hybrid: Which Compact Sedan Is Best?,@M.LACAP.,Really love the 10th gen civic infotainment system that integrated into the dash. The BEST cup holders ever! Even handles a 40oz hydroflask. Would've been perfect to implement the physical dials to update the look as opposed to a complete redesign because removing the blind spot camera was just devastating,7,2025-09-18T06:24:33Z
OVS0BMMrU5M,Kia K4 vs. Toyota Corolla Hybrid vs. Honda Civic Hybrid: Which Compact Sedan Is Best?,@1958Cadillac-v2g,"Dont know why youre comparing 2 hybridss to a non hybrid. Bothe the Corrola, and Civic come in non hybrid . Those are the ones that should be there.",0,2025-09-16T18:05:35Z
OVS0BMMrU5M,Kia K4 vs. Toyota Corolla Hybrid vs. Honda Civic Hybrid: Which Compact Sedan Is Best?,@MahmoudS.Rustom,Honda No. 1,1,2025-09-14T16:50:18Z
OVS0BMMrU5M,Kia K4 vs. Toyota Corolla Hybrid vs. Honda Civic Hybrid: Which Compact Sedan Is Best?,@MahmoudS.Rustom,❤ Honda the Power of Dreams ❤,0,2025-09-14T16:47:27Z
OVS0BMMrU5M,Kia K4 vs. Toyota Corolla Hybrid vs. Honda Civic Hybrid: Which Compact Sedan Is Best?,@VMSawh,"Great job on this video and kudos to the host, he is likeable and tells us what we need to know without extra time wasting fluff",0,2025-09-10T18:12:15Z
OVS0BMMrU5M,Kia K4 vs. Toyota Corolla Hybrid vs. Honda Civic Hybrid: Which Compact Sedan Is Best?,@croplightspam3166,Consistent weekly cadence beats sporadic binge uploads.,0,2025-09-04T00:37:21Z
OVS0BMMrU5M,Kia K4 vs. Toyota Corolla Hybrid vs. Honda Civic Hybrid: Which Compact Sedan Is Best?,@tknox39,In my opinion the K4 is just the better value. Nicer interior and the warranty offers so much more long term  peace of mind. Not to mention that is a very nice looking car within the segment. The K4 is my winning pick.,24,2025-08-30T23:47:59Z
OVS0BMMrU5M,Kia K4 vs. Toyota Corolla Hybrid vs. Honda Civic Hybrid: Which Compact Sedan Is Best?,@bowclipscarter634,My k4 goes 0-60 in 6.4 seconds who tf is driving ur car lol,1,2025-08-30T02:39:22Z
OVS0BMMrU5M,Kia K4 vs. Toyota Corolla Hybrid vs. Honda Civic Hybrid: Which Compact Sedan Is Best?,@AncientHorror,"2025 Civic Hybrid Touring owner here, all I do is city driving. I'm averaging 43 MPG",0,2025-08-26T01:51:29Z
OVS0BMMrU5M,Kia K4 vs. Toyota Corolla Hybrid vs. Honda Civic Hybrid: Which Compact Sedan Is Best?,@RearerHires,Love this so much.,0,2025-08-22T16:32:50Z
OVS0BMMrU5M,Kia K4 vs. Toyota Corolla Hybrid vs. Honda Civic Hybrid: Which Compact Sedan Is Best?,@cade_olson,My Mazda 3 is kinda dying so this video is perfect for me. I'd love to see an updated version of this including some of the newer Mazda 3s. I feel like that one is definitely needed in this comparison.,0,2025-08-09T18:26:04Z
OVS0BMMrU5M,Kia K4 vs. Toyota Corolla Hybrid vs. Honda Civic Hybrid: Which Compact Sedan Is Best?,@ionutmarin5494,"loved all cars, but my civic with 30k km deserves the spot. Absolutely brilliant car and tested Mercedes E Coupe with same amount of mileage and other cars. Very good ratio on money/value and sound system. Take the higher level for 3-5k doesnt make sense to go lower",1,2025-08-04T22:18:52Z
OVS0BMMrU5M,Kia K4 vs. Toyota Corolla Hybrid vs. Honda Civic Hybrid: Which Compact Sedan Is Best?,@rgarcia6383,Corolla ya no es lo que era hace unos años. Ya no ofrece nada que los demás no tengan de hecho la competencia está ofreciendo mejores carros y más confiables mecánicamente y con mejores garantías .,0,2025-08-01T20:28:29Z
OVS0BMMrU5M,Kia K4 vs. Toyota Corolla Hybrid vs. Honda Civic Hybrid: Which Compact Sedan Is Best?,@arendbralds3324,"I watch a lot of car video's on YouTube and this might be one of the best. No funny business, no useless testing of things no one cares about. Just informative, objective and clear reviewing. Likable host aswell.",42,2025-08-01T18:31:21Z
OVS0BMMrU5M,Kia K4 vs. Toyota Corolla Hybrid vs. Honda Civic Hybrid: Which Compact Sedan Is Best?,@msquirrel1,Why are you comparing hybrids with a regular car? Ridiculous. The regular toyota corolla with the  2.0 is fantastic.,0,2025-08-01T14:22:43Z
OVS0BMMrU5M,Kia K4 vs. Toyota Corolla Hybrid vs. Honda Civic Hybrid: Which Compact Sedan Is Best?,@Retinaplays,the real comparison is the honda and toyota. kia and hyundai are never worth it because of that engine.,0,2025-07-31T21:06:31Z
OVS0BMMrU5M,Kia K4 vs. Toyota Corolla Hybrid vs. Honda Civic Hybrid: Which Compact Sedan Is Best?,@ketsaneepetoudomsiri8065,"For Sedan and just normal user like me, Toyota seem focus only for fuel saving and stick within TOYOTA Brand too much, other than that, they are pretty boring and out of date (Design Exterior, Interior, Technology) - I am quite upset, in the past, Toyota always was named as Top best Car Brand (between Honda and Toyota) especially in Asia, but now their development is pretty slow. Honestly, Toyota was always my beginning choice when I think about new car as same as Honda, but now Toyota are behind Kia or Hyundai. Even Honda, I know, it is not perfect car but overall it still is an valuable and reliable car. Anyway, in the future anything might be change because Kia and Hyundai, they have been working very very hard.",0,2025-07-31T11:57:04Z
OVS0BMMrU5M,Kia K4 vs. Toyota Corolla Hybrid vs. Honda Civic Hybrid: Which Compact Sedan Is Best?,@davidjym,K4 is a mid size sedan so it will win on space.,0,2025-07-30T23:48:55Z
OVS0BMMrU5M,Kia K4 vs. Toyota Corolla Hybrid vs. Honda Civic Hybrid: Which Compact Sedan Is Best?,@nsbd90now,"Just got the K4 GT Turbo with the very cool tech package and wild driving-assist tech. That's a lot of car for the money! A lot of these reviewers are car aficionados. Most people aren't going to pick up on ""sporty"" and ""fun"" nuanced handling like they do.",0,2025-07-29T13:44:26Z
OVS0BMMrU5M,Kia K4 vs. Toyota Corolla Hybrid vs. Honda Civic Hybrid: Which Compact Sedan Is Best?,@lightwishatnight,"Nice k4 ad, i mean, comparisson 🙄🤣☠️",0,2025-07-26T13:09:12Z
OVS0BMMrU5M,Kia K4 vs. Toyota Corolla Hybrid vs. Honda Civic Hybrid: Which Compact Sedan Is Best?,@ajetiajeti2126,Honda,0,2025-07-22T13:40:41Z
OVS0BMMrU5M,Kia K4 vs. Toyota Corolla Hybrid vs. Honda Civic Hybrid: Which Compact Sedan Is Best?,@akt7029,These ate not bargain. These are compromise in hardships.,0,2025-07-17T04:07:57Z
OVS0BMMrU5M,Kia K4 vs. Toyota Corolla Hybrid vs. Honda Civic Hybrid: Which Compact Sedan Is Best?,@MrHafidm,Kia is not a relaible brand.,0,2025-07-16T09:28:04Z
OVS0BMMrU5M,Kia K4 vs. Toyota Corolla Hybrid vs. Honda Civic Hybrid: Which Compact Sedan Is Best?,@BMan100,"..think the dudes info is wrong, there isn't a launch gear in the ECVT for the Toyota..",0,2025-07-13T16:57:48Z
OVS0BMMrU5M,Kia K4 vs. Toyota Corolla Hybrid vs. Honda Civic Hybrid: Which Compact Sedan Is Best?,@bashirkoonkaaj7209,"in reality, the corolla wins all day every day",0,2025-07-04T12:23:51Z
OVS0BMMrU5M,Kia K4 vs. Toyota Corolla Hybrid vs. Honda Civic Hybrid: Which Compact Sedan Is Best?,@FLP-productions,K4 for the win. 100%,1,2025-07-03T01:34:55Z
OVS0BMMrU5M,Kia K4 vs. Toyota Corolla Hybrid vs. Honda Civic Hybrid: Which Compact Sedan Is Best?,@Oldmanrules,"As a Honda fan (current car is a 2019 Accord Sport 1.5ltr), I want to ask HONDA a question. Why did do you call the base Civic Sport model 'Sport'? It's anything but that with the base TURD of an engine. Why not offer the 1.5ltr tubo as an option? You already know how to do it. And while I'm at it, WHY don't you offer a power (or even manual) lumbar support in the Top line Touring model? You lost a sale here with that decision alone. And while I'm in a bitchy-mood, why do you guys always 'ugly-up' your mid-cycle 'refreshes'? That FAT LIP you gave the Civic is atrocious. Okay, I'm done, y'all can resume you lives.",0,2025-06-29T19:16:33Z
OVS0BMMrU5M,Kia K4 vs. Toyota Corolla Hybrid vs. Honda Civic Hybrid: Which Compact Sedan Is Best?,@dzpatrioteziridedjazairi8196,honda is absolutely the best,0,2025-06-23T20:45:26Z
OVS0BMMrU5M,Kia K4 vs. Toyota Corolla Hybrid vs. Honda Civic Hybrid: Which Compact Sedan Is Best?,@benttrgaminz,"Corolla wins for cost, civic wins for drive quality and style, k4 wins for being another Korean complete piece of junk! 😂",0,2025-06-19T11:10:48Z
OVS0BMMrU5M,Kia K4 vs. Toyota Corolla Hybrid vs. Honda Civic Hybrid: Which Compact Sedan Is Best?,@Flarban,should not have watched this video after buying a corolla an hour ago,0,2025-06-19T06:12:48Z
OVS0BMMrU5M,Kia K4 vs. Toyota Corolla Hybrid vs. Honda Civic Hybrid: Which Compact Sedan Is Best?,@Trygvar13,On the K4 GT-Line you can switch the climate controls for the far screen. That's where I have mine set at and it works great.,2,2025-06-14T18:51:21Z
OVS0BMMrU5M,Kia K4 vs. Toyota Corolla Hybrid vs. Honda Civic Hybrid: Which Compact Sedan Is Best?,@GarretMadden,"I like that people like their brands and or the car they bought, honestly. But the fact is Toyota won 2025. Wins in all the specs that matter and honestly it’s the best selling sedan for a reason. Someone open up the debate for the second place sedan of 2025 because this one’s a closed case lol.",0,2025-06-04T01:40:24Z
OVS0BMMrU5M,Kia K4 vs. Toyota Corolla Hybrid vs. Honda Civic Hybrid: Which Compact Sedan Is Best?,@GarretMadden,It the Toyota Camry and ITS NOT EVEN CLOSE.,0,2025-06-04T01:34:24Z
OVS0BMMrU5M,Kia K4 vs. Toyota Corolla Hybrid vs. Honda Civic Hybrid: Which Compact Sedan Is Best?,@leonardyoung6821,"$25,000 compared to $30,000 is HUGE for this segment. If money is no object, get the Honda, but if money were no object, you would not be comparing the Corolla to the Civic. Corolla for the win.",6,2025-05-31T19:14:56Z
OVS0BMMrU5M,Kia K4 vs. Toyota Corolla Hybrid vs. Honda Civic Hybrid: Which Compact Sedan Is Best?,@jonnygarcia6155,"de las mayores arrastradas que le ha dado kia a toyota, algo tiene que hacer toyota y cambiar esos diseños de los años 2010",0,2025-05-28T04:13:08Z
OVS0BMMrU5M,Kia K4 vs. Toyota Corolla Hybrid vs. Honda Civic Hybrid: Which Compact Sedan Is Best?,@SameOleKev,Great video 👍🏼,0,2025-05-25T15:34:10Z
OVS0BMMrU5M,Kia K4 vs. Toyota Corolla Hybrid vs. Honda Civic Hybrid: Which Compact Sedan Is Best?,@Keydric,Complaints on the Kia climate control always fail to push the plus symbol on the touch screen which will switch the main screen to advanced climate controls screen.,4,2025-05-23T22:04:39Z
OVS0BMMrU5M,Kia K4 vs. Toyota Corolla Hybrid vs. Honda Civic Hybrid: Which Compact Sedan Is Best?,@dbmore3473,2 Apples and Orange. Different strokes -different folks - Null comparison.,0,2025-05-22T23:08:25Z
OVS0BMMrU5M,Kia K4 vs. Toyota Corolla Hybrid vs. Honda Civic Hybrid: Which Compact Sedan Is Best?,@AwesomeEricD,Honda: For non dull drivers,0,2025-05-22T16:21:12Z
OVS0BMMrU5M,Kia K4 vs. Toyota Corolla Hybrid vs. Honda Civic Hybrid: Which Compact Sedan Is Best?,@jakejohnson9827,"I was not a fan of honda civics 10th gen design, when 11th gen came out, way better look, handling is amazing, cvt flawless, and absolutely 0 issues.",0,2025-05-21T15:30:31Z
OVS0BMMrU5M,Kia K4 vs. Toyota Corolla Hybrid vs. Honda Civic Hybrid: Which Compact Sedan Is Best?,@RafaelPernia,Corolla is several levels below the other two.,0,2025-05-21T02:42:12Z
OVS0BMMrU5M,Kia K4 vs. Toyota Corolla Hybrid vs. Honda Civic Hybrid: Which Compact Sedan Is Best?,@soloflight1975,"There are tons of so called car experts in the internet and i am just thinking what are their qualifications to review a car, for me if im gonna buy a car and bring with me a person that gonna give me an advice, it would be a mechanic or master technician,  not some reviewers that doest even know how to change tires",0,2025-05-19T18:24:37Z
OVS0BMMrU5M,Kia K4 vs. Toyota Corolla Hybrid vs. Honda Civic Hybrid: Which Compact Sedan Is Best?,@BOMBOCLARRRT,Kia's turnaround needs to be studied,1,2025-05-16T07:07:29Z
OVS0BMMrU5M,Kia K4 vs. Toyota Corolla Hybrid vs. Honda Civic Hybrid: Which Compact Sedan Is Best?,@alanmunoz8961,"Since I’m in Canada, an AWD is a must. The Corolla has AWD in the hybrid variant too.  Combine those two features plus the unmentioned reliability of a Toyota and the attractive price point makes this car the most logical choice for my needs. Thank you for a great review.",0,2025-05-15T15:24:30Z
OVS0BMMrU5M,Kia K4 vs. Toyota Corolla Hybrid vs. Honda Civic Hybrid: Which Compact Sedan Is Best?,@PHX9494,The k4 needs a hybrid,0,2025-05-15T02:12:23Z
OVS0BMMrU5M,Kia K4 vs. Toyota Corolla Hybrid vs. Honda Civic Hybrid: Which Compact Sedan Is Best?,@kmckenzie2461,"I like all 3 of these vehciles.  All are good for different reasons.  

One thing we get wayyy to hung up on now a days is power and getting up to freeway speed like how much power do you need?  Come on.  Back the day in the 80s and 90s we made due with far less power and survived lol.  Take a look at the the Pontiac 1000 - Chevy Chevette on MotorWeek its 0-60 time was 30 seconds!!!  30 seconds!!!  Heck even the Large Chevy Caprice V8 sedan had a 0-60 time of over 13 seconds!!!  Even the 2015 Mitsubishi Mirage on MotorWeek did 0-60 in 11.7 seconds with a 3 cylinder that is naturally aspirated.  We have came a long way and small vehicles today are faster than most sports cars were back in the 80s and 90s. 

But anyway all 3 of these vehicles are good for different reasons.  The Toyota is a old school reliable and great trouble free transportation and safe.  The Kia is loaded with modern tech and modern styling and modern interior with a long warranty.  The Honda has great build quality and premium materials and a modern look but can be pricey.",3,2025-05-14T10:17:57Z
OVS0BMMrU5M,Kia K4 vs. Toyota Corolla Hybrid vs. Honda Civic Hybrid: Which Compact Sedan Is Best?,@EricChou-n6h,K4's design is 2 generations ahead of Corolla and 1 generation ahead of Civic,0,2025-05-14T06:09:55Z
OVS0BMMrU5M,Kia K4 vs. Toyota Corolla Hybrid vs. Honda Civic Hybrid: Which Compact Sedan Is Best?,@boboDaKilla,Extremely strange review to include an ICE car with 2 hybrids and then say it has worse fuel economy… Why didn’t you use 2025 Elantra hybrid?,0,2025-05-13T02:24:13Z
OVS0BMMrU5M,Kia K4 vs. Toyota Corolla Hybrid vs. Honda Civic Hybrid: Which Compact Sedan Is Best?,@slamminpotatoes4508,civic's are priced like camrys which defeats the comparison a little.,0,2025-05-12T06:12:58Z
OVS0BMMrU5M,Kia K4 vs. Toyota Corolla Hybrid vs. Honda Civic Hybrid: Which Compact Sedan Is Best?,@gigi9467,"This was useless why not compare the base models of every car makes no sense. These cars are not worth over 22 $23,000.",0,2025-05-09T15:35:05Z
OVS0BMMrU5M,Kia K4 vs. Toyota Corolla Hybrid vs. Honda Civic Hybrid: Which Compact Sedan Is Best?,@snarfbot,well 32k for the civic means its competing against the camry,0,2025-05-08T18:37:07Z
OVS0BMMrU5M,Kia K4 vs. Toyota Corolla Hybrid vs. Honda Civic Hybrid: Which Compact Sedan Is Best?,@mixni,"For anyone considering the K4 and worried about mileage, I get 45mpg+ around town and about 38-42 on the highway (Gt-Line Turbo). I've racked up about 2000 miles so far and that's been consistent. 400 miles on full tank.",3,2025-05-08T00:17:05Z
7_2WpbOdONg,Best Small Cars To Buy 2026 | 12 Top Hatchbacks,@cinch,"If you need more inspiration, the latest Renault Clio topped our 2024 Car of the Year hatchbacks class and so would be a worthy entrant here. Our review of that excellent car is here 🥇 https://youtu.be/O8mST6Nzy3c?si=-fhdJhAk6GNVdC_o",17,2025-01-20T10:07:23Z
7_2WpbOdONg,Best Small Cars To Buy 2026 | 12 Top Hatchbacks,@serge470,Electric piece of 💩? No thanks!,0,2026-01-20T13:11:41Z
7_2WpbOdONg,Best Small Cars To Buy 2026 | 12 Top Hatchbacks,@TheGippy30,"You’re recommending some of the most unreliable, costly to repair cars that will actually bankrupt their owns, you should hang your head in shame, oh wait your selling cars and don’t give a damn about the buyers",0,2025-12-08T13:23:47Z
7_2WpbOdONg,Best Small Cars To Buy 2026 | 12 Top Hatchbacks,@WhiskerByteTheCat,These arent Small my 1985 Zastava 750 SL is smallest then any of these atleast my fuel consumptions isnt exspensive atleast it does short driving in the road im happy with it,0,2025-09-21T15:45:10Z
7_2WpbOdONg,Best Small Cars To Buy 2026 | 12 Top Hatchbacks,@hectorheath9742,You lost all credibility when you gave the thumbs up to the wet belt.,0,2025-07-31T22:39:05Z
7_2WpbOdONg,Best Small Cars To Buy 2026 | 12 Top Hatchbacks,@lexzbuddy,"I'm more than a little bit worried about the Peugeot 208. The PureTech engines are looking like a repeat of the EcoTec disaster. Oil consumption, cylinder ring problems, oil degradation, wet belt breakdown and contamination of oil, leaking gaskets, the list goes on. Putting it on a recommended list seems strange. I question the ethics at play here. 

Also, anything with an EcoTec engine should be avoided. Ford Powershift gearboxes deserve a mention too. Unreliable and prone to failure. Expensive to repair and there are better alternatives so the Powershift really needs to be avoided.


Perhaps recommend reliable cars. Cars that will last and are looking like they will serve their owners well for a long time to come. Safe, reliable vehicles with fewer potential issues.",0,2025-07-24T23:06:17Z
7_2WpbOdONg,Best Small Cars To Buy 2026 | 12 Top Hatchbacks,@witoldpiotrowski2755,I prefer 🚙 CarVan,0,2025-07-22T09:35:11Z
7_2WpbOdONg,Best Small Cars To Buy 2026 | 12 Top Hatchbacks,@sidsod1616,"Wet belts, no thanks.",1,2025-07-21T07:52:00Z
7_2WpbOdONg,Best Small Cars To Buy 2026 | 12 Top Hatchbacks,@forgetedit,I hate YouTube ads,0,2025-07-19T07:06:14Z
7_2WpbOdONg,Best Small Cars To Buy 2026 | 12 Top Hatchbacks,@paulstaffordcook8799,"Sorry, the second you tried to restore faith in wet belts, you lost all credibility.",1,2025-07-17T17:17:09Z
7_2WpbOdONg,Best Small Cars To Buy 2026 | 12 Top Hatchbacks,@skorlano5661,"naah, you cannot compare the opel, ford and peugeot with the 3 germans, they are not the same, you need a hatchback ford focus, and a hatchback peugeot 308, and opel... 🤷",0,2025-07-05T15:43:45Z
7_2WpbOdONg,Best Small Cars To Buy 2026 | 12 Top Hatchbacks,@MeirCohen.kingbibi,Volkswagen golf only !,0,2025-07-04T14:38:34Z
7_2WpbOdONg,Best Small Cars To Buy 2026 | 12 Top Hatchbacks,@BD-bditw,"Sorry mate, but this upload is rubbish.  We mechanics know that only fools and poms buy European cars.  Avoid the hassle, warranty claims and breakdowns by buying Korean or Japanese (not Nissan though).  Ask ANY AA or RAC rescue guy and he will confirm absolutely what I say here.  Ask them what car they drive!  What have you got to gain by offering such useless advice to people? Check out J D Power and Warrantywise reports for further proof.",0,2025-06-30T19:05:45Z
7_2WpbOdONg,Best Small Cars To Buy 2026 | 12 Top Hatchbacks,@markmcsharr8777,Most affordable,0,2025-06-28T18:53:16Z
7_2WpbOdONg,Best Small Cars To Buy 2026 | 12 Top Hatchbacks,@Hammertime054,He forgot i10 hyundi,0,2025-06-25T19:13:00Z
7_2WpbOdONg,Best Small Cars To Buy 2026 | 12 Top Hatchbacks,@Simply_Speaking_com,"What about the best of the best, suzuki? What a strange review",1,2025-06-21T09:22:45Z
7_2WpbOdONg,Best Small Cars To Buy 2026 | 12 Top Hatchbacks,@kratos01357,"you can't make a list of small cars and include honda's civic, audi's A3, mercedes's A class and bmw's 1 series, those are NOT small cars. Also you put the MG4 which is bigger than the MG3? this list is nonsense",7,2025-06-19T10:16:23Z
7_2WpbOdONg,Best Small Cars To Buy 2026 | 12 Top Hatchbacks,@BillyBanter100,My 10 year old  ecoboost Fiesta was stolen last year just before Christmas. It had just 33k on the clock. The wet belt failed at 14k and was replaced (after a struggle with the main dealer) under warranty. I now drive a 1.3 Yaris with a timing chain. The theves probably did me a favour in hindsight.  My advice - Avoid ALL wet bet engines like the plague.,5,2025-06-19T09:24:38Z
7_2WpbOdONg,Best Small Cars To Buy 2026 | 12 Top Hatchbacks,@user-wd2vm4bp1h,Clearly missing the Toyota Corolla,4,2025-06-16T22:45:04Z
7_2WpbOdONg,Best Small Cars To Buy 2026 | 12 Top Hatchbacks,@geoffsclassiccars,"That's easy.... NONE OF THE ABOVE, NOT FIT FOR PURPOSE!..........👎👎👎👎👎👎👎👎👎👎👎👎👎👎cinch FORCED SPAM👎👎👎👎👎👎👎👎👎👎👎👎👎👎👎",1,2025-06-16T12:22:55Z
7_2WpbOdONg,Best Small Cars To Buy 2026 | 12 Top Hatchbacks,@GrahamNewman-mq7gr,"The ""USUAL  ABSOLUTE BULL- SHIT  "" Most of these Cars have ""RUBBISH  WET BELT ENGINES ""  FORD / STELANTIS  / RUBBISH. But silly Infotainment  takes precident. Most of which you will never use . But BULL - SHIT  Prevails. As for EVs total LEMONS  / UNWANTED/ DEPRECIATING MONEY PITS.( Try getting rid of one !! ).",0,2025-06-03T12:35:05Z
7_2WpbOdONg,Best Small Cars To Buy 2026 | 12 Top Hatchbacks,@JestersDead_UK,"Ford, NO- Vauxhall, NO. European, NO.",1,2025-05-23T22:05:44Z
7_2WpbOdONg,Best Small Cars To Buy 2026 | 12 Top Hatchbacks,@Mkplays-b,Better replacement for the early 2000s top gear than this new shitty top gear,0,2025-05-17T23:33:41Z
7_2WpbOdONg,Best Small Cars To Buy 2026 | 12 Top Hatchbacks,@Jenson-i9r,Mh🎉w😂,0,2025-05-09T06:10:30Z
7_2WpbOdONg,Best Small Cars To Buy 2026 | 12 Top Hatchbacks,@Jenson-i9r,❤,0,2025-05-09T06:10:09Z
7_2WpbOdONg,Best Small Cars To Buy 2026 | 12 Top Hatchbacks,@Jenson-i9r,😂,0,2025-05-09T06:09:57Z
7_2WpbOdONg,Best Small Cars To Buy 2026 | 12 Top Hatchbacks,@kimiphone9786,He forgot about Mazda,0,2025-05-06T03:48:26Z
7_2WpbOdONg,Best Small Cars To Buy 2026 | 12 Top Hatchbacks,@user-pv6uy8mn7y,"I think my dad got one, but it’s a mistakes BMW",1,2025-05-03T11:39:48Z
7_2WpbOdONg,Best Small Cars To Buy 2026 | 12 Top Hatchbacks,@bexleyheathdrivingschool2935,"I’m a driving instructor and previously was using a 66 plate manual diesel Corsa. Great little car and it served me and my students well for nearly 100k miles. So in November 24 I swapped it for a pre registered petrol Corsa GS with 4 miles on the clock. What a mistake, underpowered, uncomfortable, feels cheap and badly constructed. 3 cylinder euro engine drinks oil. Pedal layout poor, clutch already wearing badly, been recalled for an oil jet and at the same time was informed by Vauxhall that I have to use one of about 4 very specific engine oils otherwise it will invalidate the warranty, servicing and replacement of parts schedules have also been shortened. Leave well alone is my advice! 4:10",7,2025-05-02T20:28:20Z
7_2WpbOdONg,Best Small Cars To Buy 2026 | 12 Top Hatchbacks,@lesleybetnay7269,Send 😡  amoges,0,2025-04-27T12:17:29Z
7_2WpbOdONg,Best Small Cars To Buy 2026 | 12 Top Hatchbacks,@oddities-whatnot,"Weird car choice, all B segment except the Fiat 500. If you’re going to include that then why not show the Hyundai i10 as well ?",3,2025-04-26T14:06:17Z
7_2WpbOdONg,Best Small Cars To Buy 2026 | 12 Top Hatchbacks,@iancraig682,All crap - get a 2 CV and go around the world without a care in the world . Beats the system  !,13,2025-04-24T22:43:21Z
7_2WpbOdONg,Best Small Cars To Buy 2026 | 12 Top Hatchbacks,@BaconBoyPlays250,Probably Range Rover Sport because it runs on petrol.,1,2025-04-19T12:34:02Z
7_2WpbOdONg,Best Small Cars To Buy 2026 | 12 Top Hatchbacks,@muckspreader1able,That mg is vile and cheap and nasty,2,2025-04-13T14:15:39Z
7_2WpbOdONg,Best Small Cars To Buy 2026 | 12 Top Hatchbacks,@philbaker4155,NOT AMERICAN 😂😂😂😂😂,0,2025-04-12T09:45:52Z
7_2WpbOdONg,Best Small Cars To Buy 2026 | 12 Top Hatchbacks,@kalaginikumaran3264,BMW❤❤❤❤ 🎉🎉😊😊,2,2025-04-12T08:06:49Z
7_2WpbOdONg,Best Small Cars To Buy 2026 | 12 Top Hatchbacks,@Coniungere,"Electric cars are more destructive to the environment than petrol & diesel cars, the governments are gonna quash all electric cars, its hydrogen all the way guys.",1,2025-04-08T00:51:04Z
7_2WpbOdONg,Best Small Cars To Buy 2026 | 12 Top Hatchbacks,@duncanbrown3422,"Nobody is talking about the wet belts, which are destroying the engines!",43,2025-04-07T08:44:39Z
7_2WpbOdONg,Best Small Cars To Buy 2026 | 12 Top Hatchbacks,@Yorkman7,Lost all credibility when you stated that wet belt engines are reliable. So virtually every other reviewer and reliability suveys are wrong and you know best.,3,2025-04-03T18:16:18Z
7_2WpbOdONg,Best Small Cars To Buy 2026 | 12 Top Hatchbacks,@RealiseRealEyesRealLies24,We buy any cars awful stock available at Cinch. You definitely Cinched it,0,2025-03-29T00:51:58Z
7_2WpbOdONg,Best Small Cars To Buy 2026 | 12 Top Hatchbacks,@Jack-zp8hx,Vauxhall Corsa  and mg 4 ev and mini cooper are very good,3,2025-03-28T21:13:31Z
7_2WpbOdONg,Best Small Cars To Buy 2026 | 12 Top Hatchbacks,@slawekbuild9792,I like the car,1,2025-03-28T18:07:50Z
7_2WpbOdONg,Best Small Cars To Buy 2026 | 12 Top Hatchbacks,@jules_bianchi2014,just get a 207 or a 107,1,2025-03-24T17:27:46Z
7_2WpbOdONg,Best Small Cars To Buy 2026 | 12 Top Hatchbacks,@moodyyxo,Where was the Skoda fabia on this list such a great car mannnn,8,2025-03-23T02:18:53Z
7_2WpbOdONg,Best Small Cars To Buy 2026 | 12 Top Hatchbacks,@stephm1573,"Wouldn't recommend a Ford with EcoBoost. Also would choose dacia over Renault, built better but same company",9,2025-03-22T12:45:50Z
7_2WpbOdONg,Best Small Cars To Buy 2026 | 12 Top Hatchbacks,@acdc539,"Is this some kind of joke, why show big cars like Audi and BMW. Small cars are Peugeot 108, nissan Micra and ford fiesta and a few more i could mention. Get rid of these big cars and show some respect as to what small cars are for in 2025",31,2025-03-20T23:00:24Z
7_2WpbOdONg,Best Small Cars To Buy 2026 | 12 Top Hatchbacks,@ElliotAlessandro,"What is the audi a3 specifically called I want that and it’s only £10,000 !",3,2025-03-09T21:30:31Z
7_2WpbOdONg,Best Small Cars To Buy 2026 | 12 Top Hatchbacks,@ravengaming4143,"Price-wise, an Audi A3 doesn't cost much more than a souped-up version of the Golf, which should make it the obvious pick.

However, I assume the service costs are much higher with the Audi.

It's basically pointless to buy the ""premium"" German car brands if you aren't willing to deal with the additional costs they have.",7,2025-02-17T01:14:19Z
7_2WpbOdONg,Best Small Cars To Buy 2026 | 12 Top Hatchbacks,@jazzip2989,fords and Vauxhalls are garbage...try something Japanese...,0,2025-01-25T15:20:53Z
7_2WpbOdONg,Best Small Cars To Buy 2026 | 12 Top Hatchbacks,@溫臣,"DO NOT trust wetbelt. DO NOT trust wetbelt. DO NOT trust wetbelt. 

""Correct oil"" blah blah blah ""Serviced correctly"" blah blah blah.
Even if not talking about some horror stories out there saying already did that, why don't just give yourself more error tolerance (errors could be made by you or by the garage) and less hassle?
especially when you bought a used one, how could you ensure that had been done correctly in the past?",0,2025-01-22T17:53:40Z
7_2WpbOdONg,Best Small Cars To Buy 2026 | 12 Top Hatchbacks,@Raccoon.Lord.N,Why compare compact car segment with the small car segment?,2,2025-01-20T18:25:31Z
7_2WpbOdONg,Best Small Cars To Buy 2026 | 12 Top Hatchbacks,@SuperNovadose,"There's not one car in this video that's reliable or cheap to fix
💩📦📦📦",5,2025-01-20T10:43:35Z
7_2WpbOdONg,Best Small Cars To Buy 2026 | 12 Top Hatchbacks,@leebaylis8829,Shame you didn't mention the eye-watering cost of changing wet belts.,23,2025-01-19T22:21:48Z
7_2WpbOdONg,Best Small Cars To Buy 2026 | 12 Top Hatchbacks,@fredfromthedead2857,Ecoboom Engines are not reliable!,18,2025-01-18T16:22:34Z
7_2WpbOdONg,Best Small Cars To Buy 2026 | 12 Top Hatchbacks,@JaKsHazbi,Where is the Renault Clio?,5,2025-01-18T14:49:36Z
7_2WpbOdONg,Best Small Cars To Buy 2026 | 12 Top Hatchbacks,@ramqashou1002,"Plug in hybrid isn't available on the 1 series. 
Just the X1.",2,2025-01-18T12:40:17Z
7_2WpbOdONg,Best Small Cars To Buy 2026 | 12 Top Hatchbacks,@anthonybrown4874,"Ecoboom fiesta or purecrap PSA no ta you have to be picky if you buy not lease these engines have been damaging for their reputations of these manufacturers and they may claim to have revised the engines but you have to be knowledgeable to avoid.
Modern diesels can be worth avoiding too as when aged the complicated emission control systems are less reliable than ideal.
Your claim that wet belts are reliable is disputeable and a 90 day warranty on a low mileage car is a low risk bet.
Dk your own research.",3,2025-01-18T12:03:16Z
7_2WpbOdONg,Best Small Cars To Buy 2026 | 12 Top Hatchbacks,@saifali5708,Carwow temu,1,2025-01-18T11:33:08Z
7_2WpbOdONg,Best Small Cars To Buy 2026 | 12 Top Hatchbacks,@KHID-JR,AMAZING AS ALWAYS.🔥.,3,2025-01-17T19:32:03Z
sMFqMdBc48M,Top 10 Fastest Hatchbacks In The World (2025) - These Hot-Hatches Outrace Supercars!,@Autoshyne79,He tried fighting his own teammate once Mark McGuire until he had put pound for pound on him,0,2026-02-10T04:06:46Z
sMFqMdBc48M,Top 10 Fastest Hatchbacks In The World (2025) - These Hot-Hatches Outrace Supercars!,@PiotrWójcik-z7m,nice cars,0,2026-01-22T12:11:08Z
sMFqMdBc48M,Top 10 Fastest Hatchbacks In The World (2025) - These Hot-Hatches Outrace Supercars!,@joobie1000,Civic type r all day long for me,1,2026-01-03T16:06:12Z
sMFqMdBc48M,Top 10 Fastest Hatchbacks In The World (2025) - These Hot-Hatches Outrace Supercars!,@cokeaddict1663,Glad my 2018 golf r MK7.5 is quicker then all of these 0-60mph 3.2sec with a top speed of 198mph,0,2026-01-01T14:01:58Z
sMFqMdBc48M,Top 10 Fastest Hatchbacks In The World (2025) - These Hot-Hatches Outrace Supercars!,@bh11nd,"I have a big SUV, now the only thing I want is ending my lease and get a Golf R",0,2025-12-22T15:07:49Z
sMFqMdBc48M,Top 10 Fastest Hatchbacks In The World (2025) - These Hot-Hatches Outrace Supercars!,@theawfuliam7174,Ai slop channel,0,2025-12-10T16:39:22Z
sMFqMdBc48M,Top 10 Fastest Hatchbacks In The World (2025) - These Hot-Hatches Outrace Supercars!,@benjaminmatte5225,Golf R. I’m hoping Mazda drops that new v6 into a 3. That’d be a damn quick car.,0,2025-11-30T02:22:54Z
sMFqMdBc48M,Top 10 Fastest Hatchbacks In The World (2025) - These Hot-Hatches Outrace Supercars!,@Hrcak1,Where are they French?,0,2025-11-29T06:16:03Z
sMFqMdBc48M,Top 10 Fastest Hatchbacks In The World (2025) - These Hot-Hatches Outrace Supercars!,@alainbauristhene6427,My hot hatch is not in this video Alfa Romeo Giulietta QV,0,2025-11-15T18:11:09Z
sMFqMdBc48M,Top 10 Fastest Hatchbacks In The World (2025) - These Hot-Hatches Outrace Supercars!,@kenwarriner69,It's Aluminium not ollominum,0,2025-11-13T16:09:41Z
sMFqMdBc48M,Top 10 Fastest Hatchbacks In The World (2025) - These Hot-Hatches Outrace Supercars!,@dancripe9224,Focus is no longer available in U.S. Manufacturing in China now. Who made that decision?,0,2025-11-12T16:07:35Z
sMFqMdBc48M,Top 10 Fastest Hatchbacks In The World (2025) - These Hot-Hatches Outrace Supercars!,@davidmiranda7567,Golf r but if I had money RS3 any Audi ...never mg ev,0,2025-11-11T07:38:57Z
sMFqMdBc48M,Top 10 Fastest Hatchbacks In The World (2025) - These Hot-Hatches Outrace Supercars!,@KTLaz,Type r looks the best by a mile and most reliable,2,2025-11-02T20:43:49Z
sMFqMdBc48M,Top 10 Fastest Hatchbacks In The World (2025) - These Hot-Hatches Outrace Supercars!,@oskideorodesings,Para mí se cae la lista cuando no metes al Corolla GR 😔,0,2025-09-25T18:17:48Z
sMFqMdBc48M,Top 10 Fastest Hatchbacks In The World (2025) - These Hot-Hatches Outrace Supercars!,@YouCensor,Honda Type R is better than a Golf R? I think not. How long below MG goes bust? Audi RS3 creams the A45s in every head to head,2,2025-08-09T11:55:38Z
sMFqMdBc48M,Top 10 Fastest Hatchbacks In The World (2025) - These Hot-Hatches Outrace Supercars!,@sleepwalker31,Golf R is the best value for money !,1,2025-08-03T16:37:17Z
sMFqMdBc48M,Top 10 Fastest Hatchbacks In The World (2025) - These Hot-Hatches Outrace Supercars!,@monimarz,Why do they discontinue or outright not sell hatchbacks in North America? I am Canadian and cannot get my hands on an Audi or a Mercedes hatchback/wagon. Why does everyone here want to drive an SUV in Ontario? Drives me mental!,0,2025-07-19T23:36:53Z
sMFqMdBc48M,Top 10 Fastest Hatchbacks In The World (2025) - These Hot-Hatches Outrace Supercars!,@rastaG1234,How is my astra j opc not on this list it even have a usa engine,1,2025-07-16T19:31:05Z
sMFqMdBc48M,Top 10 Fastest Hatchbacks In The World (2025) - These Hot-Hatches Outrace Supercars!,@Patypaty76,Where's the BMW M135/F70?,0,2025-07-15T19:25:08Z
sMFqMdBc48M,Top 10 Fastest Hatchbacks In The World (2025) - These Hot-Hatches Outrace Supercars!,@georgewilliams5840,Can someone who can afford it please 🙏 buy me a audi rs 3 please 🙏 😢,1,2025-07-13T20:47:37Z
sMFqMdBc48M,Top 10 Fastest Hatchbacks In The World (2025) - These Hot-Hatches Outrace Supercars!,@SlimDAssassin,Honda or Ford... Can't stand German cars,0,2025-07-13T20:08:06Z
sMFqMdBc48M,Top 10 Fastest Hatchbacks In The World (2025) - These Hot-Hatches Outrace Supercars!,@Zzz-bq6pq,M140! 😮,1,2025-07-10T22:02:23Z
sMFqMdBc48M,Top 10 Fastest Hatchbacks In The World (2025) - These Hot-Hatches Outrace Supercars!,@lancepattinson4790,"7.5 R APR stage 1 , still not sure why i sold it.....oh yeah moving countries",1,2025-07-07T16:14:06Z
sMFqMdBc48M,Top 10 Fastest Hatchbacks In The World (2025) - These Hot-Hatches Outrace Supercars!,@outcast3397,Mitsubishi Mirage hatchback is the fastest...duh!,0,2025-07-04T22:36:37Z
sMFqMdBc48M,Top 10 Fastest Hatchbacks In The World (2025) - These Hot-Hatches Outrace Supercars!,@crimsonghost8697,Stop saying integra  like that,0,2025-07-02T01:41:45Z
sMFqMdBc48M,Top 10 Fastest Hatchbacks In The World (2025) - These Hot-Hatches Outrace Supercars!,@jameshowlett2868,GR Corolla. Hands down.,0,2025-06-29T14:48:30Z
sMFqMdBc48M,Top 10 Fastest Hatchbacks In The World (2025) - These Hot-Hatches Outrace Supercars!,@robertf9521,Elantra N,0,2025-06-29T06:58:40Z
sMFqMdBc48M,Top 10 Fastest Hatchbacks In The World (2025) - These Hot-Hatches Outrace Supercars!,@gitarokc217,GR Yaris,0,2025-06-26T11:47:19Z
sMFqMdBc48M,Top 10 Fastest Hatchbacks In The World (2025) - These Hot-Hatches Outrace Supercars!,@engram9511,No Hyndai I5..BMW M140 or 135TI😅,0,2025-06-24T20:32:24Z
sMFqMdBc48M,Top 10 Fastest Hatchbacks In The World (2025) - These Hot-Hatches Outrace Supercars!,@edgarmontes5675,Audi RS sportback is for me the one and only No 1🤟🏼,0,2025-06-24T05:19:26Z
sMFqMdBc48M,Top 10 Fastest Hatchbacks In The World (2025) - These Hot-Hatches Outrace Supercars!,@juliankennell4518,RS3 all day! Everyday!,0,2025-06-23T08:57:14Z
sMFqMdBc48M,Top 10 Fastest Hatchbacks In The World (2025) - These Hot-Hatches Outrace Supercars!,@daddypoke2924,"No manual transmission, you might as well take the bus. Focus RS all the way!",0,2025-06-22T12:54:57Z
sMFqMdBc48M,Top 10 Fastest Hatchbacks In The World (2025) - These Hot-Hatches Outrace Supercars!,@mohhughes4870,"This is a great video with wonderful information, but the AI ""narrator"" is off on some things (IN-teh-gra - nope In-TEH-gra). I also wouldn't call an I-4 engine in such surplatives, unless the car really deserves it (e.g., close to 400hp, 350 lb/ft). the turbocharged inline 4 is in most small cars - and, sadly more in mid-sized cars.

The Audi RS series is interesting: regardless of the model (RS3, RS4, RS5, RS7...) they all have comparable numbers. 0-60? Around 3.5 seconds (thanks to amazing engines mostly shipped from the Porsche factory in Stuttgart and the rally-tried Quattro AWD). Top Speed? About 175mph. But, hands down, they have been the most exciting cars that I can afford to drive (and service). To note: the RS5 has the same 2.9l V6 that's in the Porsche Cayenne S and Panamera S, but Audi tuned it up, raising the 375hp to 444hp for the RS5.

And I don't think the Mercedes C63 is powered by a 4-cylinder. I think it has the hand-built biturbo V8 that is standard in all AMG 63 series. The price tag helps explain the difference between the C53 and the C63 (or C63S).",1,2025-06-22T02:17:04Z
sMFqMdBc48M,Top 10 Fastest Hatchbacks In The World (2025) - These Hot-Hatches Outrace Supercars!,@Jimmyjammers-p7f,Golf r absolute garbage,2,2025-06-21T22:18:21Z
sMFqMdBc48M,Top 10 Fastest Hatchbacks In The World (2025) - These Hot-Hatches Outrace Supercars!,@opadilla123,Type r is King of the Track,2,2025-06-16T17:04:12Z
sMFqMdBc48M,Top 10 Fastest Hatchbacks In The World (2025) - These Hot-Hatches Outrace Supercars!,@andrewlocke8107,"Terrible video, ai generated.shows Audi engine when talking about the MG.",1,2025-06-14T16:32:05Z
sMFqMdBc48M,Top 10 Fastest Hatchbacks In The World (2025) - These Hot-Hatches Outrace Supercars!,@mohammaddavoudian7897,Makes you wonder who made this codswallop!!! SUV BUZZ;  you need to study the market a lot better.,0,2025-06-12T21:02:58Z
sMFqMdBc48M,Top 10 Fastest Hatchbacks In The World (2025) - These Hot-Hatches Outrace Supercars!,@cabbage4372,"Ah yes, the all-American Ford Focus, designed in the UK and built in Germany",1,2025-06-06T03:31:33Z
sMFqMdBc48M,Top 10 Fastest Hatchbacks In The World (2025) - These Hot-Hatches Outrace Supercars!,@samsung8831,Drive like a roket will lead you to your own GRAVEYARD 👍👍👍,1,2025-06-03T05:26:30Z
sMFqMdBc48M,Top 10 Fastest Hatchbacks In The World (2025) - These Hot-Hatches Outrace Supercars!,@scotlandsbatman,What do you mean Toyota GR is American? It's Japanese!,0,2025-06-02T20:12:04Z
sMFqMdBc48M,Top 10 Fastest Hatchbacks In The World (2025) - These Hot-Hatches Outrace Supercars!,@kevincudmore7818,Golf R begins the type R lol not even in the same category 😂,0,2025-06-02T01:41:53Z
sMFqMdBc48M,Top 10 Fastest Hatchbacks In The World (2025) - These Hot-Hatches Outrace Supercars!,@kirkhobbs1473,Hyundai i30N shame it didnt make the list,0,2025-05-31T19:47:18Z
sMFqMdBc48M,Top 10 Fastest Hatchbacks In The World (2025) - These Hot-Hatches Outrace Supercars!,@philippebonal8240,Bmw 135i ?,0,2025-05-27T04:16:45Z
sMFqMdBc48M,Top 10 Fastest Hatchbacks In The World (2025) - These Hot-Hatches Outrace Supercars!,@Tijos.Archive,Honda all day any day!,0,2025-05-26T10:11:37Z
sMFqMdBc48M,Top 10 Fastest Hatchbacks In The World (2025) - These Hot-Hatches Outrace Supercars!,@robertregan2305,Alfa romero junior Veloca ♥️ 💙 ❤️,1,2025-05-25T01:18:51Z
sMFqMdBc48M,Top 10 Fastest Hatchbacks In The World (2025) - These Hot-Hatches Outrace Supercars!,@emanuelivanciu9896,I choose Honda because it has a beautiful history in Formula 1 with Ayrton Senna.,0,2025-05-24T18:19:33Z
sMFqMdBc48M,Top 10 Fastest Hatchbacks In The World (2025) - These Hot-Hatches Outrace Supercars!,@gaztech1935,The Renault Megane RS Trophy is better than all of these.,0,2025-05-23T22:37:11Z
sMFqMdBc48M,Top 10 Fastest Hatchbacks In The World (2025) - These Hot-Hatches Outrace Supercars!,@gaztech1935,The focus isnt American.....its roots are European its only american via the badge......its the descendant of the Escort cosworth Americans wouldnt have a clue on how to make something like this....remember the Chrysler Neon SRT that was their attempt...,0,2025-05-23T22:32:42Z
sMFqMdBc48M,Top 10 Fastest Hatchbacks In The World (2025) - These Hot-Hatches Outrace Supercars!,@romahnae,This proves the type s and type r are just overpriced. I've always wanted an fl5 but grew to like the type s a tiny bit better. If I had the money to afford any of these I'd take the merc. Best looking imo and better value for your money fot what you get.,1,2025-05-23T00:29:54Z
sMFqMdBc48M,Top 10 Fastest Hatchbacks In The World (2025) - These Hot-Hatches Outrace Supercars!,@anonymoususer6786,AI generated garbage voice…this isn’t a goddman real video.,0,2025-05-22T00:26:51Z
sMFqMdBc48M,Top 10 Fastest Hatchbacks In The World (2025) - These Hot-Hatches Outrace Supercars!,@neopaladin48,RS3 only the others models show up have a 4 cylinder and i hate sound 4 cylinder it’s sound exactly like a honda civic mower.🤮🤮🤮🤮,0,2025-05-20T15:37:02Z
sMFqMdBc48M,Top 10 Fastest Hatchbacks In The World (2025) - These Hot-Hatches Outrace Supercars!,@selimpullu420,The right title must be: Fastest hot hatch with manual !,1,2025-05-18T13:26:24Z
sMFqMdBc48M,Top 10 Fastest Hatchbacks In The World (2025) - These Hot-Hatches Outrace Supercars!,@kevingill648,Mercedes Benz all day long!,1,2025-05-17T18:44:03Z
sMFqMdBc48M,Top 10 Fastest Hatchbacks In The World (2025) - These Hot-Hatches Outrace Supercars!,@anthonyboyd1071,"i do not really consider the Honda and Acura a true hatchback they are more like fastbacks with there slopped rear style, not like the rest of the cars on your list, I just wish Toyota would get in the game and beef up the Corolla hatch, and not a 3cylinder turbo",0,2025-05-16T05:15:50Z
sMFqMdBc48M,Top 10 Fastest Hatchbacks In The World (2025) - These Hot-Hatches Outrace Supercars!,@trinitro5968,"Oook. So.... you get me a used vehical, that holds it's status as a legend for under 10 k in and will talk. Honestly, for a family of 2 that is trying to make it on about 55k a year, this is a damn pipe dream. I would love to own certain vehicles. Yet I drive what I drive because that is what my budget allows. No worries, I think all these vehicles are the bomb!",0,2025-05-16T00:20:13Z
sMFqMdBc48M,Top 10 Fastest Hatchbacks In The World (2025) - These Hot-Hatches Outrace Supercars!,@lenbosland,Golf R,2,2025-05-14T23:56:13Z
sMFqMdBc48M,Top 10 Fastest Hatchbacks In The World (2025) - These Hot-Hatches Outrace Supercars!,@audi_sline_fb,Acura what?😂,2,2025-05-11T23:51:52Z
sMFqMdBc48M,Top 10 Fastest Hatchbacks In The World (2025) - These Hot-Hatches Outrace Supercars!,@jcxv8990,A45 AMG SEE YOU LATER,1,2025-05-11T01:55:09Z
sMFqMdBc48M,Top 10 Fastest Hatchbacks In The World (2025) - These Hot-Hatches Outrace Supercars!,@leventinanc3780,"Der m135i 
M140i gehören sowas von in denn top 10 allein ein 6 Reihen zylinder hat keiner in der Klasse 
Was für ein anti bmw kann man sein 😂",1,2025-05-09T19:48:18Z
sMFqMdBc48M,Top 10 Fastest Hatchbacks In The World (2025) - These Hot-Hatches Outrace Supercars!,@DanWest-i7y,"There's absolutely no point to a car as fast as this  when our evil dictators have exaggerated the effect of global warming and used this as an excuse to restrict cars travelling no more than 30 km/ hour everywhere.  
In the not to distant future, cars will only be used by the unelected elites controlling Europe through Brussels, and the common man/ woman will be reduced to using over priced Electric fietsen that will cost as much as a reasonable priced family car to run and maintain.
A very clear indication that evil controlling globslist elites are determined to reduce our freedom,choices, and plans whenever, wherever, and as much as possible .Pure evil,that's controlling European peoples.",1,2025-05-09T17:59:02Z
sMFqMdBc48M,Top 10 Fastest Hatchbacks In The World (2025) - These Hot-Hatches Outrace Supercars!,@Golfr2020,"Ones you got to electric i stopped watching. 🤮
Golf R. Mine churns out 400+ hp. and i equaled a 600 hp Porsche 911 up to 145 kmh. 😉",1,2025-05-09T11:37:38Z
sMFqMdBc48M,Top 10 Fastest Hatchbacks In The World (2025) - These Hot-Hatches Outrace Supercars!,@jasonrollins2151,Fastest hatch backs or station wagons which one is it,0,2025-05-08T12:43:27Z
sMFqMdBc48M,Top 10 Fastest Hatchbacks In The World (2025) - These Hot-Hatches Outrace Supercars!,@gzvc123,Really？No GR Corolla？ U could shut down ur channel now,1,2025-05-08T00:34:35Z
sMFqMdBc48M,Top 10 Fastest Hatchbacks In The World (2025) - These Hot-Hatches Outrace Supercars!,@supakorntippakdee1756,GR Yaris,7,2025-05-06T23:09:53Z
sMFqMdBc48M,Top 10 Fastest Hatchbacks In The World (2025) - These Hot-Hatches Outrace Supercars!,@rizwanrahmani5430,Why Acura; it's a lift back sedan?,3,2025-05-06T07:15:20Z
sMFqMdBc48M,Top 10 Fastest Hatchbacks In The World (2025) - These Hot-Hatches Outrace Supercars!,@FunnyCookingApron-xk1hm,Golf R❤,12,2025-05-06T06:20:24Z
sMFqMdBc48M,Top 10 Fastest Hatchbacks In The World (2025) - These Hot-Hatches Outrace Supercars!,@Datsikkali,I chose the Veloster N😅,4,2025-05-06T04:24:11Z
sMFqMdBc48M,Top 10 Fastest Hatchbacks In The World (2025) - These Hot-Hatches Outrace Supercars!,@dirkdesouza5975,I chose the Golf R. Very happy with my choice.,21,2025-05-05T05:20:34Z
sMFqMdBc48M,Top 10 Fastest Hatchbacks In The World (2025) - These Hot-Hatches Outrace Supercars!,@maeharakeiichi3891,The guy don’t like Spanish and French hot hatches😂,2,2025-05-04T16:02:17Z
sMFqMdBc48M,Top 10 Fastest Hatchbacks In The World (2025) - These Hot-Hatches Outrace Supercars!,@asphalthedgehog6580,Seen the disastrous Moose Test of the RS3?,2,2025-05-03T18:05:41Z
sMFqMdBc48M,Top 10 Fastest Hatchbacks In The World (2025) - These Hot-Hatches Outrace Supercars!,@JesusRivera-y8d,A k24 Swapped Mini is the king and much cheaper than all of those.,1,2025-05-03T13:35:27Z
sMFqMdBc48M,Top 10 Fastest Hatchbacks In The World (2025) - These Hot-Hatches Outrace Supercars!,@fakepek8869,Yaris and corolla is the best for me,2,2025-05-03T02:07:48Z
sMFqMdBc48M,Top 10 Fastest Hatchbacks In The World (2025) - These Hot-Hatches Outrace Supercars!,@univerisestrong7,VW golf R all day,34,2025-05-02T20:28:04Z
sMFqMdBc48M,Top 10 Fastest Hatchbacks In The World (2025) - These Hot-Hatches Outrace Supercars!,@GizmoGTI,the type-r is a sports back/lift back not a hot hatch,1,2025-05-02T08:15:09Z
sMFqMdBc48M,Top 10 Fastest Hatchbacks In The World (2025) - These Hot-Hatches Outrace Supercars!,@GizmoGTI,"i get 3.7s to 60 in my a45s, correction to the AI narrator in this clip - it has 421hp not 409, and 500nm and this is not available in US",4,2025-05-02T08:12:30Z
sMFqMdBc48M,Top 10 Fastest Hatchbacks In The World (2025) - These Hot-Hatches Outrace Supercars!,@RFreund,"What is the lectric MG doing in this video, but no BMW 140i ???",7,2025-04-30T16:45:37Z
sMFqMdBc48M,Top 10 Fastest Hatchbacks In The World (2025) - These Hot-Hatches Outrace Supercars!,@ramanjotsingh4258,Golf R,21,2025-04-29T22:29:37Z
sMFqMdBc48M,Top 10 Fastest Hatchbacks In The World (2025) - These Hot-Hatches Outrace Supercars!,@herculespapantoniou5149,What's  a Inagra?,4,2025-04-27T04:14:30Z
sMFqMdBc48M,Top 10 Fastest Hatchbacks In The World (2025) - These Hot-Hatches Outrace Supercars!,@jamiuabdulfatai1605,Rs3,3,2025-04-25T22:46:18Z
sMFqMdBc48M,Top 10 Fastest Hatchbacks In The World (2025) - These Hot-Hatches Outrace Supercars!,@javiergarciaprados2324,como es lo de doblaje automatico?,1,2025-04-25T00:16:22Z
sMFqMdBc48M,Top 10 Fastest Hatchbacks In The World (2025) - These Hot-Hatches Outrace Supercars!,@lwandilebaliti2595,Am surprised BMW isn't here.,1,2025-04-21T17:28:59Z
sMFqMdBc48M,Top 10 Fastest Hatchbacks In The World (2025) - These Hot-Hatches Outrace Supercars!,@優-x8f,"なんでホットハッチにメガーヌが入ってない？？？
その地点でレベル低い動画だな‥話にならない",0,2025-04-20T19:21:54Z
sMFqMdBc48M,Top 10 Fastest Hatchbacks In The World (2025) - These Hot-Hatches Outrace Supercars!,@jrhebrada4062,I’m a Honda guy👍🏽,6,2025-04-20T17:52:56Z
sMFqMdBc48M,Top 10 Fastest Hatchbacks In The World (2025) - These Hot-Hatches Outrace Supercars!,@guillermobarrolleta851,Hyundai Kona N ?,0,2025-04-20T02:39:06Z
sMFqMdBc48M,Top 10 Fastest Hatchbacks In The World (2025) - These Hot-Hatches Outrace Supercars!,@jf1673,Don;t even review EVS nobody in their right mind wants that crap.!!!  Were not moving into LOGANS RUNS.!!!,3,2025-04-19T17:25:09Z
sMFqMdBc48M,Top 10 Fastest Hatchbacks In The World (2025) - These Hot-Hatches Outrace Supercars!,@helletcr4317,What is that electric car been doing in that list 🤦‍♂️👎,3,2025-04-18T15:43:30Z
sMFqMdBc48M,Top 10 Fastest Hatchbacks In The World (2025) - These Hot-Hatches Outrace Supercars!,@josemariapugagarcia7147,"Type R , siempre",9,2025-04-18T10:21:20Z
sMFqMdBc48M,Top 10 Fastest Hatchbacks In The World (2025) - These Hot-Hatches Outrace Supercars!,@josemariapugagarcia7147,"Mg???????? Es un suv, no es un Hatchback",0,2025-04-18T10:18:36Z
sMFqMdBc48M,Top 10 Fastest Hatchbacks In The World (2025) - These Hot-Hatches Outrace Supercars!,@RonaldAntonio-wq6dx,Ford Focus are British cars.Yes Ford is an American car.But the Ford Focus is a British product.,0,2025-04-17T12:20:03Z
sMFqMdBc48M,Top 10 Fastest Hatchbacks In The World (2025) - These Hot-Hatches Outrace Supercars!,@Golfnut1977,An electric MG? 😂,0,2025-04-13T19:11:01Z
sMFqMdBc48M,Top 10 Fastest Hatchbacks In The World (2025) - These Hot-Hatches Outrace Supercars!,@mohamedhelal1770,The best for me as user the type R FL5,12,2025-04-13T15:52:05Z
sMFqMdBc48M,Top 10 Fastest Hatchbacks In The World (2025) - These Hot-Hatches Outrace Supercars!,@ENGBriseB,"$33.000 for Golf GTI club sport, more like $50.000.",13,2025-04-13T12:08:18Z
sMFqMdBc48M,Top 10 Fastest Hatchbacks In The World (2025) - These Hot-Hatches Outrace Supercars!,@thomaswegemann7418,"As someone currently driving the latest RS3 8Y, I noticed a few inaccuracies in your video regarding the 1st place entry. The official 0–60 mph time is still 3.8 seconds, with 400 hp and 500 Nm of torque—not 3.6 sec (I wish :D),394 HP, 368 NM as mentioned.

Also, the video seems to alternate between the pre-facelift and the 2025 facelift model, which could be a bit misleading to viewers unfamiliar with the differences.",3,2025-04-13T05:16:52Z
sMFqMdBc48M,Top 10 Fastest Hatchbacks In The World (2025) - These Hot-Hatches Outrace Supercars!,@user-ke1qj7up3e,Where is the legendary BMW M140i ?,5,2025-04-12T11:50:30Z
sMFqMdBc48M,Top 10 Fastest Hatchbacks In The World (2025) - These Hot-Hatches Outrace Supercars!,@Doe-Nutz72,That Mini Hasn't Been British for a While Unless British Conquered Germany  In the Past 20+ Years Ago?!!!!!!!!!!!!!!!!!!!!!!,1,2025-04-11T21:19:00Z
sMFqMdBc48M,Top 10 Fastest Hatchbacks In The World (2025) - These Hot-Hatches Outrace Supercars!,@antonkristensen9719,BMW 140i?,16,2025-04-11T09:03:59Z
sMFqMdBc48M,Top 10 Fastest Hatchbacks In The World (2025) - These Hot-Hatches Outrace Supercars!,@nurmuhammadyunusov791,Where are GR Yaris and GR Corolla,7,2025-04-11T04:27:30Z
sMFqMdBc48M,Top 10 Fastest Hatchbacks In The World (2025) - These Hot-Hatches Outrace Supercars!,@محمدموسى-ط9د,"Despite the development and powerful and distinctive cars, I can never leave lancer  Evolution",2,2025-04-10T22:12:59Z
sMFqMdBc48M,Top 10 Fastest Hatchbacks In The World (2025) - These Hot-Hatches Outrace Supercars!,@adrianbriggs7028,Acura????   We dont get them in Europe..,2,2025-04-10T18:17:51Z
sMFqMdBc48M,Top 10 Fastest Hatchbacks In The World (2025) - These Hot-Hatches Outrace Supercars!,@WaylonJacobs-e7x,BMW has these too u know,7,2025-04-09T14:16:54Z
avd1GdpB_2A,The Differences Between Muscle And Pony Cars,@kingkoopa33022,A challenger is a pony car,0,2026-01-22T01:55:51Z
avd1GdpB_2A,The Differences Between Muscle And Pony Cars,@MoparNChevy_4.7,"It’s simple. If you floor it in a pony car, it’s exciting. If you floor it in a muscle car, you’ll experience whiplash!",0,2025-08-17T22:19:54Z
avd1GdpB_2A,The Differences Between Muscle And Pony Cars,@judsonchristudas,Chrysler 300 & Charger are also pure Muscle cars,0,2024-11-05T01:39:44Z
avd1GdpB_2A,The Differences Between Muscle And Pony Cars,@weaslemin7728,The cuda was out before the stang,0,2024-04-21T14:59:23Z
avd1GdpB_2A,The Differences Between Muscle And Pony Cars,@seancoats1241,"The Challenger is a pony car, the Charger is the muscle car…",0,2024-03-08T02:55:49Z
avd1GdpB_2A,The Differences Between Muscle And Pony Cars,@johnnymason2460,"The current Mustang, Camaro, and Challenger are pony cars as far as I am concerned. The current Charger is more of a muscle car. The previous definitions of muscle car and pony car no longer apply. The cars are bigger than before. The Mercedes-Benz AMG cars can be considered muscle cars.",0,2023-11-30T12:35:29Z
avd1GdpB_2A,The Differences Between Muscle And Pony Cars,@niranjangshetty,1:20 Mustang,0,2023-02-16T18:33:53Z
avd1GdpB_2A,The Differences Between Muscle And Pony Cars,@Prkwon,Carry on my wayward son~~~,0,2023-02-15T00:43:22Z
avd1GdpB_2A,The Differences Between Muscle And Pony Cars,@redjaypictures4528,"Muscle cars are for the strip,
Pony cars are for the track, 
Simplest way to put it",0,2022-12-12T07:22:31Z
avd1GdpB_2A,The Differences Between Muscle And Pony Cars,@Jeric_Estoesta,so is the new edge a pony?,0,2022-12-10T00:42:28Z
avd1GdpB_2A,The Differences Between Muscle And Pony Cars,@konliner9286,"In the past, it was about the body size. But now the term has different interpretations.",1,2022-11-24T06:21:31Z
avd1GdpB_2A,The Differences Between Muscle And Pony Cars,@Mike__G,My 2014 pony car can kick any 60s muscle car’s butt.,1,2022-11-15T23:34:56Z
avd1GdpB_2A,The Differences Between Muscle And Pony Cars,@luispesina88,"A challenger is a pony car, just because it's heavier or larger does'nt mean they are muscle cars. It just can't turn but could be fast on a straight.",1,2022-11-07T19:46:46Z
avd1GdpB_2A,The Differences Between Muscle And Pony Cars,@johnnymason3265,"I consider the current Mustang, Camaro, and Challenger to be pony cars. The current Charger is more of a muscle car.",0,2022-10-18T13:58:33Z
avd1GdpB_2A,The Differences Between Muscle And Pony Cars,@alwinbenjamin,❤️🔱,0,2022-10-05T13:52:59Z
avd1GdpB_2A,The Differences Between Muscle And Pony Cars,@tracywheat4560,"Chargers, Challengers, and Cadillacs are muscle cars. Camaros and Mustangs are pony cars. People seem to get offended at a car being called a pony car. The definition isn't just about HP, it has to do with track worthiness, size, and HP. Today all cars are bigger than yesterdays. Just look at an early 2000s pickup next to a 2022 model. Muscle cars are usually large sedans or coups with a big engine shoved in it. Pony cars are usually smaller and more nimble but that doesn't mean they don't have horsepower.",0,2022-08-23T00:30:24Z
avd1GdpB_2A,The Differences Between Muscle And Pony Cars,@sharitcuello5026,Si el pony Car es el Mustang GT europeo,1,2022-04-20T00:41:55Z
avd1GdpB_2A,The Differences Between Muscle And Pony Cars,@tedbundy1769,"Your history needs work.  The GTO package was the birth of muscle cars. And they were not wanting a piece of the Mustang pie.   Lol
The challenger was never a muscle car.  The Challenger and the Cuda along with Camaro are all pony cars.  Always have been.",0,2022-04-02T08:11:09Z
avd1GdpB_2A,The Differences Between Muscle And Pony Cars,@fpshightide,I want a wide body shaker scat so badly,0,2022-03-29T21:20:36Z
avd1GdpB_2A,The Differences Between Muscle And Pony Cars,@Bigflorent,I'm so used to your stupid videos like where you destroy a car or go for a trip with your friends that seing one so serious is strange ahaha,0,2022-03-28T04:19:37Z
avd1GdpB_2A,The Differences Between Muscle And Pony Cars,@sharitcuello5026,Bro estás confundido ese Mustang no es un pony car ese es un muscle Car gracias a que ese es el Mustang GT 5.0 de América y el de Europa es Mustang 5.0 se parecen pero no son los mismos Bro,1,2022-03-25T00:47:24Z
avd1GdpB_2A,The Differences Between Muscle And Pony Cars,@michaeldeloach838,"I'm one of those that believe a muscle car is basically an American car that has a high horsepower high torque V8 under the hood. Originally there was a difference between a true muscle car and a pony car, mainly the engine size and HP output. Also the size of the car. Muscle cars were bigger and had bigger engines and more HP. That changed in the latter part of the 60s and very early 70s when they started putting big blocks in pony cars which made them also muscle cars. Even the corvette sports car got big block power making it also a muscle car. The lines got blurred. Pony cars and even a sports car became muscle cars while also still being pony cars and a sports car. Today the lines are still blurred. Even though today's pony cars have mostly all small block motors they're putting out insane amounts of power with superchargers, turbos, nitrous, etc. Lots of V8 horsepower and torque is what makes any American car a muscle car in my book. Not everyone agrees and that's OK. But today's American performance cars have multiple labels. Pony cars, muscle cars, sports cars, sport sedans, and the new Corvette C8 and Ford GT are arguably super cars. Call it what you want, just drive it like you stole it",0,2022-03-07T15:38:59Z
avd1GdpB_2A,The Differences Between Muscle And Pony Cars,@deathatthefeast5326,"Nope, mopar had the first pony car....",0,2022-02-26T17:19:03Z
avd1GdpB_2A,The Differences Between Muscle And Pony Cars,@FEGTTTSDH,For me less than a 6.0 liters engine is NOT a muscle... despite S/C or Turbo. And a 7.0 liters is a PROPER Muscle car.,0,2022-02-05T17:18:02Z
avd1GdpB_2A,The Differences Between Muscle And Pony Cars,@FLBoyCanScrap,Both terms are vestigial.,0,2022-01-31T23:15:37Z
avd1GdpB_2A,The Differences Between Muscle And Pony Cars,@TheRocktalk,The older ones look the best!,0,2022-01-28T11:48:15Z
avd1GdpB_2A,The Differences Between Muscle And Pony Cars,@s.e.n3264,It's outdated,0,2022-01-16T15:35:07Z
avd1GdpB_2A,The Differences Between Muscle And Pony Cars,@onlysecret3337,Mustang..❤❤,0,2021-12-25T06:24:20Z
avd1GdpB_2A,The Differences Between Muscle And Pony Cars,@fabiogarcia1431,"""Pony car"" is a miserable name for a car. I don't like it.",0,2021-11-13T14:32:07Z
avd1GdpB_2A,The Differences Between Muscle And Pony Cars,@1v0reeeeee,Muscle cars are dumb too much power for the car to handle and then just spins out if you floor it,0,2021-11-13T01:53:12Z
avd1GdpB_2A,The Differences Between Muscle And Pony Cars,@NFL_NBA_NCAA,Pony cars are the v6 variants muscle cars are the v8s. Perfect muscle cars are the supercharged v8s.,0,2021-11-11T22:34:47Z
avd1GdpB_2A,The Differences Between Muscle And Pony Cars,@gumbunch,Where I stand: does it matter? Can't we all just love cars.,0,2021-11-07T18:20:59Z
avd1GdpB_2A,The Differences Between Muscle And Pony Cars,@Alex-Un-Limited,I mean this is all overblown - 2021 - V8 American sports cars are muscle cars.  The end 😂😂,0,2021-09-19T23:26:43Z
avd1GdpB_2A,The Differences Between Muscle And Pony Cars,@swappedoutZ71,So many uninformed ppl call mustangs muscle cars,0,2021-09-15T14:12:15Z
avd1GdpB_2A,The Differences Between Muscle And Pony Cars,@TheCopperedKid,"@2:24 is that a child driving that '64???
😳😑😳😑😳😑😳",0,2021-09-03T08:46:15Z
avd1GdpB_2A,The Differences Between Muscle And Pony Cars,@islandon22,"If you can get laid in the back of a fast car, it's a MUSCLE car. (eg.Charger)
If you get laid in the back of a fast car and come out partially crippled, it's a Pony car. 
(eg. Camaro)
If you get laid in the back of a big, slow car, then it's your DAD'S car and you better get the heck out of it REAL QUICK!!! 
(eg.Odyssey)
🤪",0,2021-08-10T23:54:08Z
avd1GdpB_2A,The Differences Between Muscle And Pony Cars,@Jack-Rosenberg,What is a corvette then?,0,2021-08-01T02:40:42Z
avd1GdpB_2A,The Differences Between Muscle And Pony Cars,@arindamkumar7725,Purists are right,0,2021-07-16T07:20:16Z
avd1GdpB_2A,The Differences Between Muscle And Pony Cars,@PhilipAJones,So does Trans-Am only race Pony cars or do they race Muscle cars too?,0,2021-07-15T01:01:09Z
avd1GdpB_2A,The Differences Between Muscle And Pony Cars,@t6-30,"There's no such thing as muscle car. That's just a marketing term you can apply to any car. If it WAS a real term, there wouldn't be a debate.",1,2021-06-29T20:13:25Z
avd1GdpB_2A,The Differences Between Muscle And Pony Cars,@bukkuk5949,"Bunch of Bull C ... pony car with powerfull v8 is a Muscle 
.. hellcat .
 Zl1 .. gt500 ...",0,2021-06-19T21:58:43Z
avd1GdpB_2A,The Differences Between Muscle And Pony Cars,@AutodidactEngineer,"Well the only difference is they suck...




_ALL AMERICAN CARS BESIDES HUMMER H1 SUCK, SADLY IT'S THE TRUTH🙁_",0,2021-05-28T05:47:09Z
avd1GdpB_2A,The Differences Between Muscle And Pony Cars,@CrazyDavy22,"I guess I’m a purist: Charger and challenger are muscle cars, Mustang and camaro are pony cars, 370z is a GT car and the Miata is a sports car.",0,2021-05-22T07:47:04Z
avd1GdpB_2A,The Differences Between Muscle And Pony Cars,@szodraigergo4008,Pony car or muscle doesn’t matter. If there’s a v8 it can’t be bad,0,2021-04-27T21:46:38Z
avd1GdpB_2A,The Differences Between Muscle And Pony Cars,@falknas16,Even Straight People Can't Go as Straight as The Muscle Cars,0,2021-04-14T15:07:50Z
avd1GdpB_2A,The Differences Between Muscle And Pony Cars,@supafance92,You don’t get debate what is a clear cut definition just because you’re being a pussy about it. The term pony car was literally dubbed by the mustang’s inventor as an answer to musclecars. For some reason mustang dude bros who know nothing about the history get really offended when you call their mustang a pony car. They take it as an insult when you don’t call their mustang a muscle car even though it doesn’t fit the definition. These same people are going around calling corvettes musclecars😂,0,2021-04-06T14:06:37Z
avd1GdpB_2A,The Differences Between Muscle And Pony Cars,@supafance92,Even modern mustangs are tiny when compared to real 60s musclecars. Check how big 60s era Pontiacs were  396 and 454s.,0,2021-04-06T13:59:07Z
avd1GdpB_2A,The Differences Between Muscle And Pony Cars,@supafance92,Pony car is not a phrase it’s a class of vehicle. The only real American muscle car being produced is the dodge challenger. Pony cars were meant to be a competing class designed to make musclecars irrelevant. Musclecars were too big and clumsy to do anything else but drag racing.,0,2021-04-06T13:54:19Z
avd1GdpB_2A,The Differences Between Muscle And Pony Cars,@Rey-gq8og,The impala isn’t really a muscle car anymore it’s more of a Lowrider car 😂,0,2021-04-05T19:40:24Z
avd1GdpB_2A,The Differences Between Muscle And Pony Cars,@markpayne7397,"In what some would see as layman terms the point is similar to how back in the day bands like AC/DC were more heavily based metal music, while ever since my boy's at Metallica, and those following in their footsteps came about it's impossible to see such a calm and un-radical band as AC/DC and others alike to even be sonsidered metal. We all get older and generally have a vast curiosity/sometimes hatred to ""the next big things"". While I feel my age group was the last to not be fully of this new age whatever you call them, we can easily get lumped in but I am a 90's kid dammit.....😢.

Now me aside as cliche as it may be fads/trends will always come and go, with differing opinions amongst the gens. I had a bit too much ""water"" and git the hay. Chow mates and dope your day is lightly elevated by my intoxicated slurs ✌",0,2021-03-23T07:03:17Z
avd1GdpB_2A,The Differences Between Muscle And Pony Cars,@abstreebee,"To me, a muscle car is a big bulky car with high horsepower numbers. it was intentionally designed to feel big even if it drives well. ive driven a mustang gt, challenger scat, and camaro ss and they all feel big even tho the camaro and mustang do handle much better than the challenger. i believe that the camaro, mustang, and challenger are all muscle cars, but the mustang and camaro are also pony cars at the same time. but thats my idea. as long as you have a v8 and a manual transmission and u weigh more than ~3700 lbs you can be a contender for a muscle car.",0,2021-03-17T03:21:22Z
avd1GdpB_2A,The Differences Between Muscle And Pony Cars,@69sound81,"sorry, pony cars are dead. they have to be compact american sports cars with great power under the hood and most of the ones that could be considered for the category are either too large or not american.
Mucle cars on the other hand are big, spacious american made cars with a ton of power under the hood. Those could be easyer to find and maybe the spacious or huge requirements could be stretched a bit to accomodate camaroes and mustangs,but they are pretty much on the sports cars now. Modern muscle cars to me are dodge charger, doge challenger, chevrolet ss and maybe ford taurus.",0,2021-03-05T03:31:44Z
avd1GdpB_2A,The Differences Between Muscle And Pony Cars,@prithvikumar702,0:55 please tell me the name of that car,0,2021-01-19T07:43:34Z
avd1GdpB_2A,The Differences Between Muscle And Pony Cars,@L8bro,I just thought Pony car was a nickname for mustangs. Like Z car was a nickname for 280z's back in the day.,0,2021-01-10T17:58:40Z
avd1GdpB_2A,The Differences Between Muscle And Pony Cars,@Bigsmoke-so9vo,The Challenger is a pony car,1,2021-01-02T19:03:40Z
avd1GdpB_2A,The Differences Between Muscle And Pony Cars,@Plate_Productions,pony car is a term invented by challenger owners when they lose to a Camaro or mustang in track races as a shitty excuse for their heavy boat challenger that can't turn to lose,0,2020-11-09T17:54:51Z
avd1GdpB_2A,The Differences Between Muscle And Pony Cars,@user-yi9hz3or2t,I don’t like American cars but the challenger is the last muscle car,1,2020-09-21T16:33:53Z
avd1GdpB_2A,The Differences Between Muscle And Pony Cars,@Stangy850,A pony car is a muscle car🤔,0,2020-09-09T17:16:50Z
avd1GdpB_2A,The Differences Between Muscle And Pony Cars,@sixwheelcarlisle8491,"I view cars with American V8 engines like the Mustang, Camaro, and Challenger are muscle cars as well as they are pony cars or sports cars. American sport/ muscle/ pony cars of today have greatly blurred the lines. 🤓 That is my humble unwavering opinion on the matter at hand.",0,2020-08-20T04:45:41Z
avd1GdpB_2A,The Differences Between Muscle And Pony Cars,@mrsunnster5370,I’m sad the mustang and Camaro don’t count as muscle cars any more 😢,0,2020-08-07T23:07:43Z
avd1GdpB_2A,The Differences Between Muscle And Pony Cars,@albertkoshy9678,"All pony cars are muscle cars, but not all muscle cars are pony cars",0,2020-08-06T00:15:51Z
avd1GdpB_2A,The Differences Between Muscle And Pony Cars,@miehleketowelcomemaluleke1417,Is W204 C63 is a German Muscle car or sport car? The natural aspirated 6.2 V8 engine,0,2020-08-04T13:05:00Z
avd1GdpB_2A,The Differences Between Muscle And Pony Cars,@ms90sbabyy,Okay let me complicate this further...what about the Goat 🐐?,0,2020-07-18T13:39:50Z
avd1GdpB_2A,The Differences Between Muscle And Pony Cars,@sebbiebarr,I hate the term pony cars first off ot just sounds like a pussy term compared to muscle car and second pony cars are considered muscle cars to some people if theyre close i dont see the purpose of the word either way ill never use it just cause it just sounds so wimpy compared to muscle car,0,2020-07-16T02:11:33Z
avd1GdpB_2A,The Differences Between Muscle And Pony Cars,@WTRGK,"Okay okay okay, I don't think many people will agree with me, but hear me out here.

I own a final model ford falcon, XR6, it's a sport ute with a stick shift. Fun as, not particularly fast though. No turbo, but may boost her in the future.

I consider it to be a pony car since other falcons (XR8, GT-F, Pursuit ute, so on) have big Barra and Boss V8 motors under the hood, and my ute is like the baby brother of those bigger muscle cars.

As I said, mine is not by any means a beast. It pumps out about 195kw (261hp) and 391nm of torque from a 4.0L straight six. Rear drive too, baby.

Turbo ones were available from factory, however I am a new-ish driver on my second year of a probationary licence, and am not yet legally allowed to own a car that puts out (I believe) 300+ hp. So no turbo for me yet.

I bought it at a fairly chunky sum for someone my age, but being a ute, I have access to the HUGE back tray and it's still sporty enough to rip around twisties when I want to. If you're so inclined, yes, you can easily kick the back end out. The low end torque is very good with this motor.

I will probably move on to a more powerful vehicle after paying this one off, sure, but for the time being, I see it as a pony (or sports) car, and a nod of respect to its turbo six and V8 variants.

I get a bit of crap for what bought it for, being a naturally aspirated six, but I wish that weren't the case. I'm as much of a driver and an enthusiast as the next person. I love the falcon platform.

In my eyes, my ute is a little slice of the bigger musclebois and thus, a pony car.",0,2020-07-11T05:50:39Z
avd1GdpB_2A,The Differences Between Muscle And Pony Cars,@carstenweizer,"maybe im wrong but with challengers including v6 engines in their lineup, i would say that its split between pony cars and muscle cars. the obvious cars being the hellcat and demon as muscle cars. and the sxt being a pony car",0,2020-06-25T13:02:54Z
avd1GdpB_2A,The Differences Between Muscle And Pony Cars,@oiitssean,"Muscle car - crap.
Pony car - also crap, but since they only weigh 14 tonnes yanks think they're sporty.

Sorted.",0,2020-06-24T07:38:47Z
avd1GdpB_2A,The Differences Between Muscle And Pony Cars,@t.t.6398,The Challenger is also a Pony Car.,0,2020-05-28T16:59:16Z
avd1GdpB_2A,The Differences Between Muscle And Pony Cars,@needed7863,I miss the original design of the muscle car they should of kept it going,0,2020-05-26T01:02:18Z
avd1GdpB_2A,The Differences Between Muscle And Pony Cars,@RotaryGoose,I think in 1970 the d’amaro ss of that year and the Dodge Charger of that year both looked quite similar so it seems maybe at some point a camaro ss maybe could’ve been considered a muscle car around then,0,2020-04-28T20:57:57Z
avd1GdpB_2A,The Differences Between Muscle And Pony Cars,@jamesmay8878,The 1964 mustang inst even considered a muscle car FUCK FORD .,0,2020-04-22T05:16:57Z
avd1GdpB_2A,The Differences Between Muscle And Pony Cars,@angelosimmons6016,It was a muscle car it a big boxing look with a v8 but the Prius didn't fit in that category because it not a muscle car that I all I say,0,2020-04-20T19:49:48Z
avd1GdpB_2A,The Differences Between Muscle And Pony Cars,@Buffalohideface,Barracuda was the first pony car it was a few weeks before,0,2020-03-22T16:58:00Z
avd1GdpB_2A,The Differences Between Muscle And Pony Cars,@CharliesHammondOrganvideos,It's funny cause the Challenger and the. Mustang are pony cars,0,2020-03-20T16:53:52Z
avd1GdpB_2A,The Differences Between Muscle And Pony Cars,@SaviiJo,"Truest to the Muscle car Roots : Challenger.
Pony styled/ orientated : mustang camaro Etc 
That’s where I stand. Agree or not to agree. 
Demon still is doing wheelies on the drag strip 
And your mustang just pulled up to a tuner/ 350z meet 🤷🏾‍♂️🤷🏾‍♂️.",0,2020-03-20T00:41:41Z
avd1GdpB_2A,The Differences Between Muscle And Pony Cars,@sapanashah8805,Rip muscles I want them back noww,0,2020-02-20T14:52:07Z
avd1GdpB_2A,The Differences Between Muscle And Pony Cars,@grapeeggplant3863,"A video about muscle cars and the charger, the ONLY 4 door muscle car in the market isn't in it, nice lol.",0,2020-02-12T01:28:07Z
avd1GdpB_2A,The Differences Between Muscle And Pony Cars,@docsaaid2939,"The dodge charger and challenger is muscle
Ford is pony 
Rest.....hmmmm. idk what to call em 


Mmmm they are MOPAARS ( this word specified for un identifiable muscle or pony car )",0,2020-02-11T11:41:09Z
avd1GdpB_2A,The Differences Between Muscle And Pony Cars,@KobyMathews,Technically the original Challenger was a pony car🤷🏼‍♀️,0,2020-02-09T18:22:49Z
avd1GdpB_2A,The Differences Between Muscle And Pony Cars,@KAF345,The ‘70 Charger is a real muscle,0,2020-02-08T16:31:31Z
avd1GdpB_2A,The Differences Between Muscle And Pony Cars,@babyhippo9481,It is names not pony it names mustang,0,2020-01-27T16:37:14Z
avd1GdpB_2A,The Differences Between Muscle And Pony Cars,@kevinnromer,"At no side
Can’t afford such a car xD",0,2020-01-25T20:14:37Z
avd1GdpB_2A,The Differences Between Muscle And Pony Cars,@chrimuh_hy,"I used to be a MLP (My Little Pony) fan, but not any more. For some reason, I always think the main 6 of MLP should have a car, but Rainbow Dash should have a Mustang because she likes something fast... I guess? Or it's just more muscle. I DON'T KNOW...",0,2019-12-17T14:18:41Z
avd1GdpB_2A,The Differences Between Muscle And Pony Cars,@smoothpotato957,"I won’t call it a pony car, I’ll call it a sports car",0,2019-12-15T17:53:15Z
avd1GdpB_2A,The Differences Between Muscle And Pony Cars,@tomtom-mp9si,mustang is pony car with muscle,0,2019-10-22T19:53:38Z
avd1GdpB_2A,The Differences Between Muscle And Pony Cars,@1redrubberball,"I know you mean well, but you aren't fully informed about your subject, so let me help you to understand some things.
Any car that sports a horsepower of at least 1 horsepower per 13 # of body weight, meets the timehonored definition of a musclecar. Therefore, some of the ponycars were musclecars.
With regard to your statement about the modern era Mustang sporting independent rear suspension, are you aware the Challenger does too?",0,2019-10-11T21:40:46Z
avd1GdpB_2A,The Differences Between Muscle And Pony Cars,@jonathangonzalez6972,Do you guys consider a V6 camaro/mustang/challenger a muscle or pony car?,0,2019-09-26T04:26:15Z
avd1GdpB_2A,The Differences Between Muscle And Pony Cars,@johnnylackland3992,"My favourite pony car is the '67 Mercury Cougar. It is the only automobile I prefer with a vinyl top. My ideal Cougar would have a burgundy body with a black vinyl top.  She would have a manual transmission and groove to rock and roll because all my hot cars dig music.  Nice video, brother.",0,2019-08-24T01:13:44Z
avd1GdpB_2A,The Differences Between Muscle And Pony Cars,@non-ofyo-business3399,Okay first off long time car fan and first time ever hearing of a pony car being an actual car class and secondly I stand a muscle car is almost any car with a v8. Thirdly I get where people are coming from. Lastly these cars aren’t made for teenagers anymore they are basically made for mid life crisis and racing. Because mostly only someone with 20-30 years of hard work could get these.,0,2019-08-19T07:54:12Z
avd1GdpB_2A,The Differences Between Muscle And Pony Cars,@southernpride4988,Challengers focusing on straight line power lmao no no no anything under a hellcat is outclassed by every single mustang and camaro just saying,0,2019-08-15T02:00:04Z
avd1GdpB_2A,The Differences Between Muscle And Pony Cars,@Austral8889,"Pony car: a lot of power in a straight line
Muscle car: a lot of more power in a straight line




Right enough?",17,2019-08-09T16:06:24Z
avd1GdpB_2A,The Differences Between Muscle And Pony Cars,@ethandavis8448,"Let's make this easy, a V8 pony car is a muscel car unless it's a package like the zl1 then it's a high end sports car. V6 is a pony car and the tubro charged eco boost is a sports car.",0,2019-08-06T03:51:04Z
avd1GdpB_2A,The Differences Between Muscle And Pony Cars,@WellStudied,SHOULDN'T A BARACUDA BE CALLED A FISH CAR?,0,2019-08-06T03:09:10Z
avd1GdpB_2A,The Differences Between Muscle And Pony Cars,@CrashD6,"Long-story-short

There is only one Muscle Car now while Pony Cars evolved into ""Cheap Super Cars"" or ""Performance Sports Cars""...

I used to love American Muscle/Pony/Sports (or whatever you call it) Cars, but now I've been leaning more towards JDM, I still do love V8s, but now I respect and appreciate much more a good build than just one type of car, be it a GT500 in a Drag Strip, or a Drift build Supra, or an R34 GTR built for the Track, when done right, it's beautiful!",0,2019-07-19T04:41:20Z
avd1GdpB_2A,The Differences Between Muscle And Pony Cars,@Twanaboneless1999,rear wheel drive front engine V8 coupe is muscle car in my opinion,0,2019-07-03T16:31:22Z
avd1GdpB_2A,The Differences Between Muscle And Pony Cars,@mrbadass6663,Why do people always associate muscle cars with America other countries have made muscle cars,0,2019-06-24T11:11:05Z
avd1GdpB_2A,The Differences Between Muscle And Pony Cars,@MyAb111,"Real Muscle coupes derive from sedan platforms and don't usually scream ""I'm fast! Look at me!"" with their overall styling. The 04-06 GTO, the ctsv coupe, and the Dodge challenger are the only real muscle coupes I've seen come out in decades. The mustang, camaro, are not real muscle cars. I still love them though.",1,2019-06-15T18:53:21Z
avd1GdpB_2A,The Differences Between Muscle And Pony Cars,@Dustinmaester,so the camaro is a pony car? why its built by chevy/gm....,0,2019-06-11T07:52:44Z
avd1GdpB_2A,The Differences Between Muscle And Pony Cars,@kolinmartz,Even the “purists” you cited are wrong because the challenger was originally made to compete in the pony car class (a bit late to the game. The pony cars were already approaching muscle car size by then) while Dodge’s muscle car at the time was the Charger.,0,2019-06-06T06:04:58Z
avd1GdpB_2A,The Differences Between Muscle And Pony Cars,@kolinmartz,“Pony cars” are just an anachronism. You can even argue that muscle cars are just an anachronism.,0,2019-06-06T05:56:02Z
nMn_ueG80Zw,"$50,000 Used Question // GT350 vs Alfa 4C vs BMW i8 vs F Type R vs Corvette Z51",@tracewaybos,"""And then there's cake"" - No truer words have ever been spoken...",0,2026-03-07T03:38:59Z
nMn_ueG80Zw,"$50,000 Used Question // GT350 vs Alfa 4C vs BMW i8 vs F Type R vs Corvette Z51",@shehtazruslan,Canadian channel making US car content,0,2026-03-06T22:49:18Z
nMn_ueG80Zw,"$50,000 Used Question // GT350 vs Alfa 4C vs BMW i8 vs F Type R vs Corvette Z51",@Londreis,When you’re trying to admire your car and someone makes it about them 12:02,0,2026-03-06T22:37:28Z
nMn_ueG80Zw,"$50,000 Used Question // GT350 vs Alfa 4C vs BMW i8 vs F Type R vs Corvette Z51",@thecrumbler0214,"I debated GT350, F Type R, 2nd gen CTS-V, and RCF/IS500 for the sameish budget 18 mos ago.

I drove the GT350 first and ended up getting that. Never got to anything else on the list, but I did try a Mach 1. The Mach 1 was very underwhelming for the same money.

The GT350’s engine is so good. It and the Tremec are a match made in heaven. Ford’s extended warranty made me more comfortable with the GT350 than the Jag from a reliability perspective. But, I drive it daily, and the engine has yet to give me any issues.",0,2026-03-06T17:28:56Z
nMn_ueG80Zw,"$50,000 Used Question // GT350 vs Alfa 4C vs BMW i8 vs F Type R vs Corvette Z51",@rossishima,"The Vette is the one to purchase.  The other cars, when they break, and they will.. repair costs will be astronomical--if it can even be repaired.",0,2026-03-06T16:51:03Z
nMn_ueG80Zw,"$50,000 Used Question // GT350 vs Alfa 4C vs BMW i8 vs F Type R vs Corvette Z51",@alexlimtiaco1197,"corvette all day, I didn't realize the Z51 had the magnaride!",0,2026-03-06T04:23:11Z
nMn_ueG80Zw,"$50,000 Used Question // GT350 vs Alfa 4C vs BMW i8 vs F Type R vs Corvette Z51",@ogi-wankenobi3638,i8 is one of the ugliest cars ever made... whoever thinks or God forbid bought i8 for its looks is blind AF,0,2026-03-05T22:45:38Z
nMn_ueG80Zw,"$50,000 Used Question // GT350 vs Alfa 4C vs BMW i8 vs F Type R vs Corvette Z51",@adriand2175,I bought a used C7 Spring 2025.   Love it.,0,2026-03-05T19:29:34Z
nMn_ueG80Zw,"$50,000 Used Question // GT350 vs Alfa 4C vs BMW i8 vs F Type R vs Corvette Z51",@rennwolfwolfgangkriegl,"To be fair, buying a new car and selling it two years later, is never a good deal. I generally keep my cars four year and sell them on for about half the MSRP. That works for me, because I get to enjoy the car for a good while and have adventures with it.

But if you can find what you are looking for on the used car market, with about 4-6 years under their belt and in good nick, you will be much better off in terms of depreciation.

I bought a used 2017 Jaguar F-Type V6 a couple of years ago and sold a Porsche Cayman S from the 987 generation for it. Both are great cars to drive. The Cayman S is the more communicative experience for skilled drivers. The F-Type is the more refined experience and is better judged for daily driving without it urging you on all the time. I respect the Cayman, but I love the F-Type.",0,2026-03-05T08:13:51Z
nMn_ueG80Zw,"$50,000 Used Question // GT350 vs Alfa 4C vs BMW i8 vs F Type R vs Corvette Z51",@Floreypottery,A gt350 for 50k hmm,0,2026-03-05T04:23:33Z
nMn_ueG80Zw,"$50,000 Used Question // GT350 vs Alfa 4C vs BMW i8 vs F Type R vs Corvette Z51",@kurtbilinski1723,"This hits close to home, as I bought a used 2015 F-Type R. Loved driving it, but sadly for me, heavy traffic sucks all the fun out of driving ANYTHING sporty. That, and fear of repairs caused me to sell it. $4,500 for a headlight assembly... $20K for a used engine (never mind installation... hellishly-difficult to remove fuel injectors, etc, etc. Between the repair worry and sitting stuck in traffic, it just wasn't enjoyable - for me.",1,2026-03-05T02:59:41Z
nMn_ueG80Zw,"$50,000 Used Question // GT350 vs Alfa 4C vs BMW i8 vs F Type R vs Corvette Z51",@dannykinard30,Could you throw a used BMW M2 in the mix. That seems like the initial logical choice for under 50 K.,0,2026-03-05T00:11:22Z
nMn_ueG80Zw,"$50,000 Used Question // GT350 vs Alfa 4C vs BMW i8 vs F Type R vs Corvette Z51",@barneyrubble9309,the Mustang is driven by the Thug; The Vette by the tennis coach ; the Jaaag by the Cad; the BMW by an Architect and the Alfa by the italian gigalo in an armani suit.,0,2026-03-04T16:11:07Z
nMn_ueG80Zw,"$50,000 Used Question // GT350 vs Alfa 4C vs BMW i8 vs F Type R vs Corvette Z51",@Matthew-y5x2i,THat Alfa and BMW shouldn't even be choices,0,2026-03-04T01:43:01Z
nMn_ueG80Zw,"$50,000 Used Question // GT350 vs Alfa 4C vs BMW i8 vs F Type R vs Corvette Z51",@gilberjj,"Great vid. I watched to the end.
I personally purchased a gt350r for a touch over $60k. I LOVE it. For me, my fun car needs to have a 3rd pedal.",0,2026-03-03T05:06:26Z
nMn_ueG80Zw,"$50,000 Used Question // GT350 vs Alfa 4C vs BMW i8 vs F Type R vs Corvette Z51",@EojWashner-ik1sm,@26:47 LMAO,0,2026-03-02T02:07:45Z
nMn_ueG80Zw,"$50,000 Used Question // GT350 vs Alfa 4C vs BMW i8 vs F Type R vs Corvette Z51",@EojWashner-ik1sm,"ya know, I have """""" 0 """""" reasons of as, to why the images INSIDE of my brain, or within whatever remains left within the places of which my brain shoulda/coulda,woulda been, however  I've had this strange thought of having these 2 BALLS OF GOOF , ( "" THOMAS ""  &  ""JAMES ""  ) REVIEW,  or just experiencing and g iving, ""US THE $HEEPLE  THEIR OWN OPINIONS OF CLEETUS MCFARLANDS NEW DRIFT CAR ( CADILLAC /BLACKWOOD CT5V )  but that's what my brain portrayed !
or something like the brain",0,2026-03-01T23:59:51Z
nMn_ueG80Zw,"$50,000 Used Question // GT350 vs Alfa 4C vs BMW i8 vs F Type R vs Corvette Z51",@EojWashner-ik1sm,"go Thomas ,he never  let go of the steering wheel till getting his cake in the Arial atom",0,2026-03-01T23:30:51Z
nMn_ueG80Zw,"$50,000 Used Question // GT350 vs Alfa 4C vs BMW i8 vs F Type R vs Corvette Z51",@patrickjacobs4999,"The Jag is sooooo unreliable, which is why they depreciate so badly.",0,2026-03-01T22:38:53Z
nMn_ueG80Zw,"$50,000 Used Question // GT350 vs Alfa 4C vs BMW i8 vs F Type R vs Corvette Z51",@carmncars,The deign of the Alfa deserved a better interior and handling.,0,2026-03-01T18:10:06Z
nMn_ueG80Zw,"$50,000 Used Question // GT350 vs Alfa 4C vs BMW i8 vs F Type R vs Corvette Z51",@panteraowns2515,Every time I watch one of these and then go look them up. They are way above what they say they are on these. I want a gt350 go to find one. They are like 70k,0,2026-03-01T17:27:59Z
nMn_ueG80Zw,"$50,000 Used Question // GT350 vs Alfa 4C vs BMW i8 vs F Type R vs Corvette Z51",@14eight,"as a previous E90 M3 owner, I can say I love my i8 for all of the reasons that make the i8 so special.  If you're someone who gauges whether or not you like a car based on the same criteria, and that criteria is ""the sound of the big engine."" The i8 probably isn't for you, but when I purchase a car, there needs to be something historically meaningful, unique and memorable about the car; and there aren't many cars that do that as well as the i8 in this price range imo",0,2026-02-28T17:14:44Z
nMn_ueG80Zw,"$50,000 Used Question // GT350 vs Alfa 4C vs BMW i8 vs F Type R vs Corvette Z51",@DearMajesty,"Where is the personal accountability? That's the only way this stops. Financial literacy, education, and some basic common sense. Businesses will always destroy uneducated consumers.",0,2026-02-28T10:21:51Z
nMn_ueG80Zw,"$50,000 Used Question // GT350 vs Alfa 4C vs BMW i8 vs F Type R vs Corvette Z51",@jaketalerico9158,Corvette. Best aftermarket community. Which let's you actually work on or upgrade your vehicle yourself,0,2026-02-28T04:48:22Z
nMn_ueG80Zw,"$50,000 Used Question // GT350 vs Alfa 4C vs BMW i8 vs F Type R vs Corvette Z51",@MTKARusty,"I bought a '19 GT350 in 2024. It. Is. AMAZING. Zero problems with it, doesn't burn oil at all, and it's a frigging blast in the canyons. To top it all off, they're currently selling for slightly above what I paid for it.  The Jag, while sure it has its perks...has probably depreciated even more.",0,2026-02-27T04:41:13Z
nMn_ueG80Zw,"$50,000 Used Question // GT350 vs Alfa 4C vs BMW i8 vs F Type R vs Corvette Z51",@darkhorse2036,Mustang hands down way way better then the jaguar omg 😧,0,2026-02-26T02:04:15Z
nMn_ueG80Zw,"$50,000 Used Question // GT350 vs Alfa 4C vs BMW i8 vs F Type R vs Corvette Z51",@LavarClemmons-z8v9c,I'm rolling with the mustang 350😊😊😊,0,2026-02-25T20:52:05Z
nMn_ueG80Zw,"$50,000 Used Question // GT350 vs Alfa 4C vs BMW i8 vs F Type R vs Corvette Z51",@debestcanadian,"7:19 ""And then there's CAKE!!""",0,2026-02-24T16:28:28Z
nMn_ueG80Zw,"$50,000 Used Question // GT350 vs Alfa 4C vs BMW i8 vs F Type R vs Corvette Z51",@giannanolfo3468,"Which Camaro where you guys referring to that out handles the Shelby ? Because the music was magnificent….
On a different note, I’ve been looking at the ftype but only the 6 cylinder, and they have such shit plastic pieces connecting such vital parts, it’s a total gamble buying one. I wonder if that’s the same issue with the v8?",0,2026-02-23T04:25:27Z
nMn_ueG80Zw,"$50,000 Used Question // GT350 vs Alfa 4C vs BMW i8 vs F Type R vs Corvette Z51",@gmain1977,I would take GT350 then the F-Type,0,2026-02-21T19:29:20Z
nMn_ueG80Zw,"$50,000 Used Question // GT350 vs Alfa 4C vs BMW i8 vs F Type R vs Corvette Z51",@ronmatson5502,The c7came out in 2014?..... THAT makes me feel old.,0,2026-02-21T12:34:37Z
nMn_ueG80Zw,"$50,000 Used Question // GT350 vs Alfa 4C vs BMW i8 vs F Type R vs Corvette Z51",@Duxman2007,"If I had free maintenance I would definitely get the BMW.  But if money were an option - I would get the Corvette.  Having had a C5, and it was a great ownership experience- run it back with the C7",0,2026-02-21T03:18:35Z
nMn_ueG80Zw,"$50,000 Used Question // GT350 vs Alfa 4C vs BMW i8 vs F Type R vs Corvette Z51",@pvin705,Crazy to think this came out 8 months ago and im watching F type R auctions going for sub 30k,0,2026-02-20T15:55:48Z
nMn_ueG80Zw,"$50,000 Used Question // GT350 vs Alfa 4C vs BMW i8 vs F Type R vs Corvette Z51",@Prestigegme,Anyone else just think the 4c front end makes it look absolutely horrible,0,2026-02-18T20:26:26Z
nMn_ueG80Zw,"$50,000 Used Question // GT350 vs Alfa 4C vs BMW i8 vs F Type R vs Corvette Z51",@slickman1953,Genesis G70!,0,2026-02-18T06:07:52Z
nMn_ueG80Zw,"$50,000 Used Question // GT350 vs Alfa 4C vs BMW i8 vs F Type R vs Corvette Z51",@BeYera3,"Out of all these, easily I'd pick the C7 Corvette Z51.... but outside of these, same price range, I'd be very tempted to buy a Porsche Cayman S!",0,2026-02-18T01:10:58Z
nMn_ueG80Zw,"$50,000 Used Question // GT350 vs Alfa 4C vs BMW i8 vs F Type R vs Corvette Z51",@JMLR02,Alfa... just as always,0,2026-02-15T22:03:57Z
nMn_ueG80Zw,"$50,000 Used Question // GT350 vs Alfa 4C vs BMW i8 vs F Type R vs Corvette Z51",@ryanchristofferson6633,"I've owned a couple of these cars, and many more. I deeply miss my 2015 RWD F-Type. The car is so perfect. I never should have let it go.",1,2026-02-15T17:43:11Z
nMn_ueG80Zw,"$50,000 Used Question // GT350 vs Alfa 4C vs BMW i8 vs F Type R vs Corvette Z51",@MOMO-yf5os,"Lmao when he corrects his mate saying ""careful with your mind!"" as he talks about pregnant women",0,2026-02-15T07:51:42Z
nMn_ueG80Zw,"$50,000 Used Question // GT350 vs Alfa 4C vs BMW i8 vs F Type R vs Corvette Z51",@Rayka_96,"F type- 100%

second place the Alpha 4c",1,2026-02-14T14:56:22Z
nMn_ueG80Zw,"$50,000 Used Question // GT350 vs Alfa 4C vs BMW i8 vs F Type R vs Corvette Z51",@matt197gt,"You’d be crazy not to get the GT350! 8250 rpm flat plan crank 15.5” brembo brakes, Tremic 6 speed and amazing adjustable suspension.",0,2026-02-14T13:42:11Z
nMn_ueG80Zw,"$50,000 Used Question // GT350 vs Alfa 4C vs BMW i8 vs F Type R vs Corvette Z51",@alaskans_live5018,Anyone picking a Jaguar has never wrenched or kept a car over 4 years. I worked at landrover and not a single person working at landrover would own a landrover or a jaguar. Only car with a worse reputation than landrover is ironically a jaguar lol.,0,2026-02-12T02:07:15Z
nMn_ueG80Zw,"$50,000 Used Question // GT350 vs Alfa 4C vs BMW i8 vs F Type R vs Corvette Z51",@kyliejohn3813,"As an American, Corvette all day. I have one and love it.",0,2026-02-12T00:21:46Z
nMn_ueG80Zw,"$50,000 Used Question // GT350 vs Alfa 4C vs BMW i8 vs F Type R vs Corvette Z51",@Tyrael112,"One of my favorite videos still. I had to answer this question my self, and the ownership experience and manual Tx of the Corvette won me over.",0,2026-02-11T14:48:15Z
nMn_ueG80Zw,"$50,000 Used Question // GT350 vs Alfa 4C vs BMW i8 vs F Type R vs Corvette Z51",@ussamatayub5794,Mercedes s63,0,2026-02-10T21:10:08Z
nMn_ueG80Zw,"$50,000 Used Question // GT350 vs Alfa 4C vs BMW i8 vs F Type R vs Corvette Z51",@Billabong6370,"I test drove a Corvette C7, Jaguar F-Type, Porsche Cayman, Mercedes GT, Lotus Evora, and the Alfa Romeo 4C—and the 4C was the one that stuck with me.

The driving experience was so raw, unique, and exhilarating. It’s hard to put into words, but it just felt special. In some ways, it’s the least practical car on the list (even if it gets the best gas mileage), but it’s also the one that feels the most alive.",0,2026-02-07T19:25:44Z
nMn_ueG80Zw,"$50,000 Used Question // GT350 vs Alfa 4C vs BMW i8 vs F Type R vs Corvette Z51",@rondar2,A red carbon Alfa roadster vs a renault is not a discussion for any petrolhead.,0,2026-02-06T21:56:14Z
nMn_ueG80Zw,"$50,000 Used Question // GT350 vs Alfa 4C vs BMW i8 vs F Type R vs Corvette Z51",@logancook7621,The Jaguar is cool… when it’s not sitting at the dealership service center,0,2026-02-05T05:22:47Z
nMn_ueG80Zw,"$50,000 Used Question // GT350 vs Alfa 4C vs BMW i8 vs F Type R vs Corvette Z51",@Mountain_Manu,"Funnily enough, that is currently exactly the question I am asking myself, since my max budget is around that mark. It'll probably be the F-Type V6 S in the end, because in Germany you can get that already for 30k. For 50k you get an M2 Competition with CS Optics and Tuning (so basically a CS minus the engine). Which is an easy winner against these cars here if you ask me. For 60k you get the real CS. Which is still cheaper then the Alfa 4C or the GT350 and similar priced to the Corvette over here.",0,2026-02-01T19:04:35Z
nMn_ueG80Zw,"$50,000 Used Question // GT350 vs Alfa 4C vs BMW i8 vs F Type R vs Corvette Z51",@joecahall5850,Corvette is always the answer but as a Corvette owner that jag is awesome,0,2026-01-31T21:20:35Z
nMn_ueG80Zw,"$50,000 Used Question // GT350 vs Alfa 4C vs BMW i8 vs F Type R vs Corvette Z51",@michaelmartin885,"I know I’m late to the game, but James is quad lock mount demo just killed me 😂. Because cake…",0,2026-01-31T02:18:49Z
nMn_ueG80Zw,"$50,000 Used Question // GT350 vs Alfa 4C vs BMW i8 vs F Type R vs Corvette Z51",@jeromewauk1,The Ariel Atom simulator had me literally peeing my pants. 😂😂😂😂,0,2026-01-30T18:04:45Z
nMn_ueG80Zw,"$50,000 Used Question // GT350 vs Alfa 4C vs BMW i8 vs F Type R vs Corvette Z51",@malyu6374,Reality is ....$50K US .. people will buy a used Toyota Sienna ...  *_*,0,2026-01-30T17:07:01Z
nMn_ueG80Zw,"$50,000 Used Question // GT350 vs Alfa 4C vs BMW i8 vs F Type R vs Corvette Z51",@jteampics,"That transition at the 17:20 mark, Yes!",0,2026-01-30T08:12:11Z
nMn_ueG80Zw,"$50,000 Used Question // GT350 vs Alfa 4C vs BMW i8 vs F Type R vs Corvette Z51",@xnjreq,"Jaguar - for style
Bmw - for your boyfriend
ford, chevrolet - for ranch-boy
Alfa - for happiness",0,2026-01-27T15:12:34Z
nMn_ueG80Zw,"$50,000 Used Question // GT350 vs Alfa 4C vs BMW i8 vs F Type R vs Corvette Z51",@lebaronfuller2892,"34:50 


…….

A
Corvette.

Simple and effective.

But honestly my 997.1 comes first. The ZR1 just upgraded to what I already have rear engine rwd. Now everybody’s like… I want the C8. I could have owned the C8. But I would rather have both.

So there.

Am I a poser?",0,2026-01-27T14:42:29Z
nMn_ueG80Zw,"$50,000 Used Question // GT350 vs Alfa 4C vs BMW i8 vs F Type R vs Corvette Z51",@lebaronfuller2892,"34:34 

Take the knife out….

40,000 depreciation….

You could have bought…

A island in Hawaii.

Michael Jackson’s glittered glove.

A vacation on a rocket ship from NASA.

Stephen Hawkins Wheelchair with twin turbos…
😂😂😂😂",0,2026-01-27T14:37:36Z
nMn_ueG80Zw,"$50,000 Used Question // GT350 vs Alfa 4C vs BMW i8 vs F Type R vs Corvette Z51",@lebaronfuller2892,"28:47 

He’s a BELIEVER…
God Bless You!

😂

STING….RAY!",0,2026-01-27T14:29:08Z
nMn_ueG80Zw,"$50,000 Used Question // GT350 vs Alfa 4C vs BMW i8 vs F Type R vs Corvette Z51",@stevenbowman5894,Thomas twitchy as hell wit the wheel😂,0,2026-01-24T21:35:48Z
nMn_ueG80Zw,"$50,000 Used Question // GT350 vs Alfa 4C vs BMW i8 vs F Type R vs Corvette Z51",@DrDaggerSwagger,"In fairness, that was a poverty spec of the gt350. Tech pack comes with Carbon fiber interior.  Like the c7 theyre driving. Not all it's have carbon, i dont think.",0,2026-01-22T02:32:01Z
nMn_ueG80Zw,"$50,000 Used Question // GT350 vs Alfa 4C vs BMW i8 vs F Type R vs Corvette Z51",@mechanertainment4562,"Gt350 or corvette but I’m American so it’s obvious but it’d be difficult to do a list with $40k.
1. Mustang GT
2. Camaro SS 
3. WRX 
4. Lexus RCF
5. BMW M
6. Miata RF touring for fun
7. Challenger RT scat
8. Mexican GTR aka F150 5.0
9. Audi RS 
10. Infiniti Q60 red",0,2026-01-21T15:18:45Z
nMn_ueG80Zw,"$50,000 Used Question // GT350 vs Alfa 4C vs BMW i8 vs F Type R vs Corvette Z51",@BoudreauxBoysRc,Id never buy a jag over a corvette being an automotive technician ive learned jags are junk and hard to work on,0,2026-01-21T03:59:30Z
nMn_ueG80Zw,"$50,000 Used Question // GT350 vs Alfa 4C vs BMW i8 vs F Type R vs Corvette Z51",@sabre0461,"The Jag for sure, but im concerned about repair bills.",0,2026-01-19T19:35:29Z
nMn_ueG80Zw,"$50,000 Used Question // GT350 vs Alfa 4C vs BMW i8 vs F Type R vs Corvette Z51",@SH57578,"The jag really does drive well. Even the type s is excellent. The R is too wild for a lot of people, but that’s my choice. I have driven an SVR as well and couldn’t tell a big difference vs the AWD type R.",0,2026-01-17T14:41:39Z
nMn_ueG80Zw,"$50,000 Used Question // GT350 vs Alfa 4C vs BMW i8 vs F Type R vs Corvette Z51",@UnparalleledSpoof,"Why are gt350's still $350,000 where i live. I can almost buy a huracan for that",0,2026-01-17T08:48:08Z
nMn_ueG80Zw,"$50,000 Used Question // GT350 vs Alfa 4C vs BMW i8 vs F Type R vs Corvette Z51",@xStopShootinMe,My drink was coming out my nose laughing at the leaf blower bit😂😂,0,2026-01-15T17:57:03Z
nMn_ueG80Zw,"$50,000 Used Question // GT350 vs Alfa 4C vs BMW i8 vs F Type R vs Corvette Z51",@derekmthompson6824,"Dude, where's the zl1? The zl1 are cheap and faster than all these and a better track/drivers car...",0,2026-01-15T17:51:47Z
nMn_ueG80Zw,"$50,000 Used Question // GT350 vs Alfa 4C vs BMW i8 vs F Type R vs Corvette Z51",@Str8SRT8,did they block the ac vent thinking it would increase the cooling charge to the battery on the i8? lmaoo i saw that strip of tape on the intro of the i8 and had to ask.,0,2026-01-14T12:35:26Z
nMn_ueG80Zw,"$50,000 Used Question // GT350 vs Alfa 4C vs BMW i8 vs F Type R vs Corvette Z51",@fashioniconjaylienkay,Even the Jag F-Type V6S or 400 Sport is worth the money alone.  I tuned mine and it's just as powerful as the V8.  But both are literally the epitome of suave and power and you can see how designer Ian Callum's F-Type design continues to be seen in other car models to this day.,2,2026-01-13T18:48:17Z
nMn_ueG80Zw,"$50,000 Used Question // GT350 vs Alfa 4C vs BMW i8 vs F Type R vs Corvette Z51",@bobmeylaerts4065,I want an emira so bad,0,2026-01-11T21:42:06Z
nMn_ueG80Zw,"$50,000 Used Question // GT350 vs Alfa 4C vs BMW i8 vs F Type R vs Corvette Z51",@P-J-W-777,They’d both go for the cars that loses resale value faster than the titanic sank. I choose the Corvette and keep the value of the car for far longer with the added ability and ease to seriously upgrade for reasonable prices.,0,2026-01-10T11:22:36Z
nMn_ueG80Zw,"$50,000 Used Question // GT350 vs Alfa 4C vs BMW i8 vs F Type R vs Corvette Z51",@gerrettmurphy6825,"I’d take the C7. 
It’s the whole package and has a targa top. It’s a true sports car that you can put a lot of miles on.",0,2026-01-09T06:34:07Z
nMn_ueG80Zw,"$50,000 Used Question // GT350 vs Alfa 4C vs BMW i8 vs F Type R vs Corvette Z51",@randymiller6197,"Thanks for watching y'all are spot on, I agree wholeheartedly. Out of all the cars there it would be the Jaguar. 

 And then I would go out and buy a V8 vantage",0,2026-01-09T06:20:59Z
nMn_ueG80Zw,"$50,000 Used Question // GT350 vs Alfa 4C vs BMW i8 vs F Type R vs Corvette Z51",@VermillionRacing,"It would 1000% be between the Jag or Shelby. I absolutely love the 4c, but at 6'3"" it might be a little cramped lol. Although I did fit in a new miata",1,2026-01-05T03:01:21Z
nMn_ueG80Zw,"$50,000 Used Question // GT350 vs Alfa 4C vs BMW i8 vs F Type R vs Corvette Z51",@CB-um1qk,I'm pretty sure the long term cost of ownership / reliability would steer me away from the F-Type and towards the Z51.,0,2026-01-04T22:05:52Z
nMn_ueG80Zw,"$50,000 Used Question // GT350 vs Alfa 4C vs BMW i8 vs F Type R vs Corvette Z51",@intercepticons7677,The white c7 is so sexy,0,2026-01-04T18:29:12Z
nMn_ueG80Zw,"$50,000 Used Question // GT350 vs Alfa 4C vs BMW i8 vs F Type R vs Corvette Z51",@yonexfan12,2018 E63,0,2026-01-02T04:24:26Z
nMn_ueG80Zw,"$50,000 Used Question // GT350 vs Alfa 4C vs BMW i8 vs F Type R vs Corvette Z51",@bradmason8334,love these shows - on topic,0,2025-12-31T20:37:22Z
nMn_ueG80Zw,"$50,000 Used Question // GT350 vs Alfa 4C vs BMW i8 vs F Type R vs Corvette Z51",@R0cketRed,I own a supercharged mustang I'll never sell but the F-type has me thinking I need another... anyone else feel that? I've got a problem,1,2025-12-31T15:51:45Z
nMn_ueG80Zw,"$50,000 Used Question // GT350 vs Alfa 4C vs BMW i8 vs F Type R vs Corvette Z51",@nornibres,"I traded in my  2017 Corvette  Grand sport roadster for a 2015 Boxster 'S;.' The Corvette is a great car, but the Boxster was just a better size for a sports car. Out of this lot I'm taking the Alfa.",0,2025-12-28T01:45:27Z
nMn_ueG80Zw,"$50,000 Used Question // GT350 vs Alfa 4C vs BMW i8 vs F Type R vs Corvette Z51",@cryptoguru944,Dam so the Camaro has better steering than all of them?  Or was it just the GT350 and the F Type Jag?,0,2025-12-25T21:23:26Z
nMn_ueG80Zw,"$50,000 Used Question // GT350 vs Alfa 4C vs BMW i8 vs F Type R vs Corvette Z51",@cr500_conversions,*Vs CT4V..?,0,2025-12-25T19:53:03Z
nMn_ueG80Zw,"$50,000 Used Question // GT350 vs Alfa 4C vs BMW i8 vs F Type R vs Corvette Z51",@AdithyaJayaram-u4w,15:22 So Cap. John Price??,0,2025-12-24T05:32:56Z
nMn_ueG80Zw,"$50,000 Used Question // GT350 vs Alfa 4C vs BMW i8 vs F Type R vs Corvette Z51",@jayoh123,wish the lotus emira was in this. would have liked to see how it would have done,0,2025-12-21T20:18:51Z
nMn_ueG80Zw,"$50,000 Used Question // GT350 vs Alfa 4C vs BMW i8 vs F Type R vs Corvette Z51",@anthonyburee650,F type,3,2025-12-19T05:32:33Z
nMn_ueG80Zw,"$50,000 Used Question // GT350 vs Alfa 4C vs BMW i8 vs F Type R vs Corvette Z51",@krookdfinra,That bmw i8 is hands down one of bmws biggest mistakes. Not putting a 8 or 12 cylinder in there is criminal. It deserved to be the new m1... but instead we get a 3 cylinder ev...,0,2025-12-18T15:57:19Z
nMn_ueG80Zw,"$50,000 Used Question // GT350 vs Alfa 4C vs BMW i8 vs F Type R vs Corvette Z51",@dorb4396,Entertaining review really enjoyed it. I have two of the cars you reviewed. C7 Grand sport and the Shelby GT350,4,2025-12-18T15:54:52Z
nMn_ueG80Zw,"$50,000 Used Question // GT350 vs Alfa 4C vs BMW i8 vs F Type R vs Corvette Z51",@corydahms4204,The ford breaking?!?!? You just left the Jag!!,0,2025-12-18T02:29:08Z
nMn_ueG80Zw,"$50,000 Used Question // GT350 vs Alfa 4C vs BMW i8 vs F Type R vs Corvette Z51",@corydahms4204,You traded a Jag for a Mazda?!? I’m not a huge jag fan because I know they break all the time and cost a fortune but a Mazda?!?!? That’s the worst car… period.,1,2025-12-18T02:27:20Z
nMn_ueG80Zw,"$50,000 Used Question // GT350 vs Alfa 4C vs BMW i8 vs F Type R vs Corvette Z51",@corydahms4204,Drooled and drove the lamest car first…. Ok…,0,2025-12-18T02:02:27Z
nMn_ueG80Zw,"$50,000 Used Question // GT350 vs Alfa 4C vs BMW i8 vs F Type R vs Corvette Z51",@ChucktownJYD,GT350 is by far the most special car of the group,1,2025-12-17T17:36:13Z
nMn_ueG80Zw,"$50,000 Used Question // GT350 vs Alfa 4C vs BMW i8 vs F Type R vs Corvette Z51",@praiseemeka3538,BMW i8❤,0,2025-12-17T10:46:04Z
nMn_ueG80Zw,"$50,000 Used Question // GT350 vs Alfa 4C vs BMW i8 vs F Type R vs Corvette Z51",@tomman757,"Yeah, no one has ever cared about regular corvettes…  Jag, GT350, and i8 if the owners can keep them going 😎",0,2025-12-17T05:15:38Z
nMn_ueG80Zw,"$50,000 Used Question // GT350 vs Alfa 4C vs BMW i8 vs F Type R vs Corvette Z51",@UnwokeMandate,"The Mustang is the sole manual, meaning all the rest are gay and the contest ended before it began",0,2025-12-15T22:18:43Z
nMn_ueG80Zw,"$50,000 Used Question // GT350 vs Alfa 4C vs BMW i8 vs F Type R vs Corvette Z51",@ProbityCFab,That alpha romeo is 100% useless. Why would they make it an auto?,0,2025-12-15T15:11:12Z
nMn_ueG80Zw,"$50,000 Used Question // GT350 vs Alfa 4C vs BMW i8 vs F Type R vs Corvette Z51",@justincopeland533,Ok... but what about the 2018 cadillac cts-v,0,2025-12-14T20:47:37Z
nMn_ueG80Zw,"$50,000 Used Question // GT350 vs Alfa 4C vs BMW i8 vs F Type R vs Corvette Z51",@Swolecat17,I’d take an AMG GTS or TTRS,0,2025-12-12T03:36:41Z
nMn_ueG80Zw,"$50,000 Used Question // GT350 vs Alfa 4C vs BMW i8 vs F Type R vs Corvette Z51",@jeffbriggs7022,Someone said cake😮,0,2025-12-12T01:53:25Z
nMn_ueG80Zw,"$50,000 Used Question // GT350 vs Alfa 4C vs BMW i8 vs F Type R vs Corvette Z51",@WestLee1103,C7 will be my baby till the end,0,2025-12-11T13:27:07Z
nMn_ueG80Zw,"$50,000 Used Question // GT350 vs Alfa 4C vs BMW i8 vs F Type R vs Corvette Z51",@TheVapeCrusader,F type all day long. There really was no other answer.,2,2025-12-09T17:22:29Z
J-CcwVxcfaQ,Audi A5 vs Mercedes C-Class Coupe vs BMW 4 Series vs Lexus RC | Head2Head,@carwow,"All carwow savings correct at time of publishing. Head over to our deals page to find all the latest offers –

Audi A5:
https://www.carwow.co.uk/Audi/A5/deals?utm_source=YouTube&utm_medium=description&utm_campaign=Make-Audi-Model-A5-Type-deal 

BMW 4 Series:
https://www.carwow.co.uk/BMW/4-series/deals?utm_source=YouTube&utm_medium=description&utm_campaign=Make-BMW-Model-4-series-Type-deal 

Lexus RC:
https://www.carwow.co.uk/lexus/RC/deals?utm_source=YouTube&utm_medium=description&utm_campaign=Make-Lexus-Model-RC-Type-deal 

Mercedes C-Class Coupe:
https://www.carwow.co.uk/mercedes/c-class-coupe/deals?utm_source=YouTube&utm_medium=description&utm_campaign=Make-Mercedes-Model-C-Class-Coupe-Type-deal",79,2017-06-07T10:34:24Z
J-CcwVxcfaQ,Audi A5 vs Mercedes C-Class Coupe vs BMW 4 Series vs Lexus RC | Head2Head,@soultanasmaga9661,G,1,2025-12-20T22:49:27Z
J-CcwVxcfaQ,Audi A5 vs Mercedes C-Class Coupe vs BMW 4 Series vs Lexus RC | Head2Head,@MT-ln8xb,The Lexus looks a bit crappy when new and ages fasgt to look even worse. Toyota never really got that Lexus brand quite right for me. Still looks Japanese. So rule that out.,0,2025-12-09T14:11:32Z
J-CcwVxcfaQ,Audi A5 vs Mercedes C-Class Coupe vs BMW 4 Series vs Lexus RC | Head2Head,@vindevhunta4905,In 2025 I’d have the Lexus,0,2025-06-30T22:10:10Z
J-CcwVxcfaQ,Audi A5 vs Mercedes C-Class Coupe vs BMW 4 Series vs Lexus RC | Head2Head,@Buddy24999,Mercedes all the way…….,0,2025-03-29T18:29:41Z
J-CcwVxcfaQ,Audi A5 vs Mercedes C-Class Coupe vs BMW 4 Series vs Lexus RC | Head2Head,@Saudbn1,Bmw All-Day,0,2025-03-14T15:56:49Z
J-CcwVxcfaQ,Audi A5 vs Mercedes C-Class Coupe vs BMW 4 Series vs Lexus RC | Head2Head,@g-stuff7943,mercedes/bmw 50-50,0,2025-02-14T19:47:19Z
J-CcwVxcfaQ,Audi A5 vs Mercedes C-Class Coupe vs BMW 4 Series vs Lexus RC | Head2Head,@Molloy1951,This video is evidence 289 that carwow is the most overrated car reviews channel of all time.,2,2024-11-20T16:14:13Z
J-CcwVxcfaQ,Audi A5 vs Mercedes C-Class Coupe vs BMW 4 Series vs Lexus RC | Head2Head,@Satrolkof,German cars looks like some fat Granny that invites you to have some cookies lol,2,2024-11-16T23:50:02Z
J-CcwVxcfaQ,Audi A5 vs Mercedes C-Class Coupe vs BMW 4 Series vs Lexus RC | Head2Head,@hannesyo6586,The Mercedes C Coupe is wonderful. In my opinion it is by far the best.,1,2024-10-10T10:21:33Z
J-CcwVxcfaQ,Audi A5 vs Mercedes C-Class Coupe vs BMW 4 Series vs Lexus RC | Head2Head,@dannyarcher,"Save you time:
He chooses Mercedes

Which is interesting because he chose the bmw in another review against the A5 and the merc. 

I’ve listened to confidence in these reviews as they’re contradictory and likely created for clicks likes and subscribes 

Shame really",0,2024-09-22T07:55:13Z
J-CcwVxcfaQ,Audi A5 vs Mercedes C-Class Coupe vs BMW 4 Series vs Lexus RC | Head2Head,@zhanghongtao4005,"merc merc merc ,e coupe vs rc ，i bought rf300h f    lol",0,2024-09-14T16:13:10Z
J-CcwVxcfaQ,Audi A5 vs Mercedes C-Class Coupe vs BMW 4 Series vs Lexus RC | Head2Head,@muratkolay9379,always merso star...............,0,2024-09-09T19:28:13Z
J-CcwVxcfaQ,Audi A5 vs Mercedes C-Class Coupe vs BMW 4 Series vs Lexus RC | Head2Head,@M.B.N93,I hate this guy always give negative vibes to every single car so what we should drive then a donkey ?,1,2024-08-18T15:28:13Z
J-CcwVxcfaQ,Audi A5 vs Mercedes C-Class Coupe vs BMW 4 Series vs Lexus RC | Head2Head,@simonwalton1218,Hardly anyone pays to upgrade the BMW’s suspension therefore their handling/ride is really unimpressive. Why even make a car so dull to drive. My last one was a 530. It was so ponderous to drive.,0,2024-06-06T05:40:24Z
J-CcwVxcfaQ,Audi A5 vs Mercedes C-Class Coupe vs BMW 4 Series vs Lexus RC | Head2Head,@spirosbonis436,Bmw because they leave the handbrake for funny moments,0,2023-12-30T11:58:59Z
J-CcwVxcfaQ,Audi A5 vs Mercedes C-Class Coupe vs BMW 4 Series vs Lexus RC | Head2Head,@DORIANGREY1986,*The BMW 4-series actually has rear seat cupholders that pop out of the rear seat armrest when lowered.*,4,2023-12-30T00:48:20Z
J-CcwVxcfaQ,Audi A5 vs Mercedes C-Class Coupe vs BMW 4 Series vs Lexus RC | Head2Head,@morbus74,"Seems quite funny that he says BMW is not that sporty when it gets 0-60 in about 7.sec..Not that long ago, actual ""sport cars"" did 0-60 in 7 sec and that was fast....now, it's not sporty if diesel does not go under 7 sec...🙄",1,2023-09-20T09:12:02Z
J-CcwVxcfaQ,Audi A5 vs Mercedes C-Class Coupe vs BMW 4 Series vs Lexus RC | Head2Head,@robertrse,Audi looks the most expensive and modern(exterior) but i would still choose the mercedes,0,2023-09-02T22:21:59Z
J-CcwVxcfaQ,Audi A5 vs Mercedes C-Class Coupe vs BMW 4 Series vs Lexus RC | Head2Head,@masonyates1355,Did anyone else notice how quiet the merc was after the bm,0,2023-09-02T09:36:38Z
J-CcwVxcfaQ,Audi A5 vs Mercedes C-Class Coupe vs BMW 4 Series vs Lexus RC | Head2Head,@stldotcom,"Haven't had an audi yet. I have owned VW's, so I'm assuming they are very similar besides the upgraded trims. I loved my C350. And i still feel the newer Mercedes interiors are the best in most classes. If you're just looking for a comfortable commuter, the Mercedes is the way to go. As always, the biggest complaint is the sluggish gearbox, which is only a downside if you prefer more of a performance feel. Otherwise, the gearbox is very calm and pleasant. If you are a hard driver or prefer more of a performance feel go with BMW or at least an AMG if its in your budget. The BWM, from what I've owed is definitely more of the drivers car even with the 4cyl! If you enjoy driving and long road trips the BWM 4 series is by far the most comfortable and fun to drive of the vehicles in its class that I've owned.",0,2023-07-25T04:36:05Z
J-CcwVxcfaQ,Audi A5 vs Mercedes C-Class Coupe vs BMW 4 Series vs Lexus RC | Head2Head,@AJ-rg3pr,I would take the Lexus if it was the 350,0,2023-07-06T12:54:38Z
J-CcwVxcfaQ,Audi A5 vs Mercedes C-Class Coupe vs BMW 4 Series vs Lexus RC | Head2Head,@tonymartinsie,God please blessed me with 4 series. Can be 420d or 430d. Writing here to register. In few years I will come back here saying I bought! My dream 🙏🏼,0,2023-04-18T09:07:38Z
J-CcwVxcfaQ,Audi A5 vs Mercedes C-Class Coupe vs BMW 4 Series vs Lexus RC | Head2Head,@kikomacedo8529,Mercedes-Benz: the best car of the World,1,2023-03-20T17:57:27Z
J-CcwVxcfaQ,Audi A5 vs Mercedes C-Class Coupe vs BMW 4 Series vs Lexus RC | Head2Head,@edturners,"Looks alone the Lexus wins hands down and don't see them on every street corner, so its lexus or C Class for me",1,2023-03-16T18:35:46Z
J-CcwVxcfaQ,Audi A5 vs Mercedes C-Class Coupe vs BMW 4 Series vs Lexus RC | Head2Head,@faizelphilander6938,BMW my choice,0,2023-02-23T11:32:32Z
J-CcwVxcfaQ,Audi A5 vs Mercedes C-Class Coupe vs BMW 4 Series vs Lexus RC | Head2Head,@aleksandarnikolic9754,Mercedes is the best ever!!!!,0,2023-02-14T21:53:20Z
J-CcwVxcfaQ,Audi A5 vs Mercedes C-Class Coupe vs BMW 4 Series vs Lexus RC | Head2Head,@toolopeth5893,"While the German mades are an absolute pleasure to look at and drive, their engines reliability is so bad for a top tier car and that is a shame.. From what the metrics show the Japanese made Lexus will outlive any of the other 3 engine's and with the least maintenance. According to research on used cars, maintenance costs for 4 years of a 6+ year BMW averages 16.000+ $ which is half the original price of the car.. I would like to go for the Mercedes myself but their track record on reliability isn't that good either.. You just wouldn't want to buy a nice car so you have something nice to look at when you are waiting for the road assistance.. Really torn on this one..",0,2023-01-23T16:11:33Z
J-CcwVxcfaQ,Audi A5 vs Mercedes C-Class Coupe vs BMW 4 Series vs Lexus RC | Head2Head,@goranmilanovic2985,He said bmw is slow with 7 sec to 60 but he says audi packs a punch but has 7.7 seconds to 60 🤣,5,2022-12-19T11:36:54Z
J-CcwVxcfaQ,Audi A5 vs Mercedes C-Class Coupe vs BMW 4 Series vs Lexus RC | Head2Head,@s4v1n-819,"I love his reviews and i think he is a really fun guy to listen, but he is huge BMW fan and its noticeable over all the reviews that he did so far. That being said, he always finds a reason to disregard audis. The fact that audi`s appearance was the worst its a very interesting take, considering that this is the almost he latest generation with a huge upgrades over previous ones. BMW or Merc sort of kept the same look for 2 generations since 2016. BMW nor Merc did not have fully digital screen up until latest gen which makes a big difference. Seeing orange dashboard lights in bmw simply brings me back to 2000`s. Also he tested front wheel drive Audi, and just disregarded quattro system by being the same? Quattro is their biggest strength so if you are going to have a valid test, test the proper quattro engine which is stronger and definitely more fun. Lastly, i am saying this because before i purchased the last car i was comparing these 3 models (bmw,merc,audi) and i found that for the money i had, the best deal in terms of reliability, fun, strength was the A5 sportback 2.0 252HP quattro.",0,2022-11-13T19:38:55Z
J-CcwVxcfaQ,Audi A5 vs Mercedes C-Class Coupe vs BMW 4 Series vs Lexus RC | Head2Head,@enzoarslan109,"See now I’m torn between the merc and the bmw, the rear has better space which is giving the bmw a slight lead.",0,2022-10-14T00:48:49Z
J-CcwVxcfaQ,Audi A5 vs Mercedes C-Class Coupe vs BMW 4 Series vs Lexus RC | Head2Head,@iiwii8622,"Lexus? Ahhh hang on, okay I got ya....Toyota",0,2022-10-11T19:35:34Z
J-CcwVxcfaQ,Audi A5 vs Mercedes C-Class Coupe vs BMW 4 Series vs Lexus RC | Head2Head,@barrykimber,A5 all the way for me 🤘,1,2022-08-15T21:54:05Z
J-CcwVxcfaQ,Audi A5 vs Mercedes C-Class Coupe vs BMW 4 Series vs Lexus RC | Head2Head,@mikah784,Audi a5 the true winner,1,2022-08-04T10:53:03Z
J-CcwVxcfaQ,Audi A5 vs Mercedes C-Class Coupe vs BMW 4 Series vs Lexus RC | Head2Head,@unions100,Lexus will out live All the other cars As long as serviced as per manufacturers recommendations,1,2022-07-17T19:27:11Z
J-CcwVxcfaQ,Audi A5 vs Mercedes C-Class Coupe vs BMW 4 Series vs Lexus RC | Head2Head,@felixtwin6160,I just got this same bmw and love the way it drives,0,2022-07-15T20:14:59Z
J-CcwVxcfaQ,Audi A5 vs Mercedes C-Class Coupe vs BMW 4 Series vs Lexus RC | Head2Head,@elroz1675,"so Audi A5 was put up without AWD and without adaptive suspension, in both cases unlike BMW and Mercedes. Perhaps not the most consistent comparison?",0,2022-07-06T22:51:33Z
J-CcwVxcfaQ,Audi A5 vs Mercedes C-Class Coupe vs BMW 4 Series vs Lexus RC | Head2Head,@NOTINMYNAMEFREEPAL,Why wouldn’t you get the rc350 f sport………… LOOOL,1,2022-05-24T14:34:43Z
J-CcwVxcfaQ,Audi A5 vs Mercedes C-Class Coupe vs BMW 4 Series vs Lexus RC | Head2Head,@tinkybhoy,"i have the Grand Coupe, BMW 5 door 5 seater, and trust me it shite's all over its competitors ....Defo BMW for me .....",0,2022-04-27T14:45:12Z
J-CcwVxcfaQ,Audi A5 vs Mercedes C-Class Coupe vs BMW 4 Series vs Lexus RC | Head2Head,@koysurrahman2344,Lexus will out live them all,2,2022-02-17T19:01:26Z
J-CcwVxcfaQ,Audi A5 vs Mercedes C-Class Coupe vs BMW 4 Series vs Lexus RC | Head2Head,@muzictherpy,"Well BMW interior design is always exceptional and classy,, audi design is worst..",0,2022-02-14T20:39:14Z
J-CcwVxcfaQ,Audi A5 vs Mercedes C-Class Coupe vs BMW 4 Series vs Lexus RC | Head2Head,@markymark1940,4 series Cup holders are in the arm rest in the rear seats,1,2022-02-01T23:39:46Z
J-CcwVxcfaQ,Audi A5 vs Mercedes C-Class Coupe vs BMW 4 Series vs Lexus RC | Head2Head,@erikjensen7662,Mercedes all day long,0,2022-01-24T21:29:52Z
J-CcwVxcfaQ,Audi A5 vs Mercedes C-Class Coupe vs BMW 4 Series vs Lexus RC | Head2Head,@vyvynylification,Glad i went with a 440i GC. the 4 doors is a plus and the bigger boot opening as well. The BMW does have 2 cupholders in the back though,0,2021-12-04T20:06:01Z
J-CcwVxcfaQ,Audi A5 vs Mercedes C-Class Coupe vs BMW 4 Series vs Lexus RC | Head2Head,@handsomeblackmuscle9845,"So basically..
🇩🇪 *VS* 🇯🇵",0,2021-12-03T00:47:46Z
J-CcwVxcfaQ,Audi A5 vs Mercedes C-Class Coupe vs BMW 4 Series vs Lexus RC | Head2Head,@suhailsurajpal,"Bmw for the practicality, C class for luxury",0,2021-11-25T11:03:01Z
J-CcwVxcfaQ,Audi A5 vs Mercedes C-Class Coupe vs BMW 4 Series vs Lexus RC | Head2Head,@lifeofmomkids,Like the BMW,0,2021-11-15T21:40:03Z
J-CcwVxcfaQ,Audi A5 vs Mercedes C-Class Coupe vs BMW 4 Series vs Lexus RC | Head2Head,@Sim2992,"Hello everyone, I am planning to purchase A5, 1.8 l of 2014 models, the cost is coming in range of 22k, is it worth buying, what all I MUST verify before cracking th deal",1,2021-10-02T16:08:41Z
J-CcwVxcfaQ,Audi A5 vs Mercedes C-Class Coupe vs BMW 4 Series vs Lexus RC | Head2Head,@charlesa1234,"As much as I like Japanese cars being an Asian, i think the best car on this list is the Mercedes",0,2021-09-09T18:09:32Z
J-CcwVxcfaQ,Audi A5 vs Mercedes C-Class Coupe vs BMW 4 Series vs Lexus RC | Head2Head,@michalkus5928,Audi definitely looks way better. Simple and confident look. Dynamic and sharp styling. Interior great as always.,10,2021-09-02T20:24:28Z
J-CcwVxcfaQ,Audi A5 vs Mercedes C-Class Coupe vs BMW 4 Series vs Lexus RC | Head2Head,@maxmorris4562,"Lexus hands down, nothing can come close to Japanese quality from a Lexus",2,2021-08-25T08:46:51Z
J-CcwVxcfaQ,Audi A5 vs Mercedes C-Class Coupe vs BMW 4 Series vs Lexus RC | Head2Head,@rongyao2250,The Lexus is in the time and system is an absolute challenge to use,0,2021-08-24T20:42:58Z
J-CcwVxcfaQ,Audi A5 vs Mercedes C-Class Coupe vs BMW 4 Series vs Lexus RC | Head2Head,@TheFinalBossMan,Why do Audi still have a big clunky old-fashioned gear shift on Automatics?,0,2021-08-09T12:43:18Z
J-CcwVxcfaQ,Audi A5 vs Mercedes C-Class Coupe vs BMW 4 Series vs Lexus RC | Head2Head,@Oness2012,A5 and c coupe,1,2021-08-07T14:48:48Z
J-CcwVxcfaQ,Audi A5 vs Mercedes C-Class Coupe vs BMW 4 Series vs Lexus RC | Head2Head,@ayanslmvpoint5512,Used cars??? https://youtu.be/m69mV3MBrro,0,2021-08-06T20:32:26Z
J-CcwVxcfaQ,Audi A5 vs Mercedes C-Class Coupe vs BMW 4 Series vs Lexus RC | Head2Head,@123456678976,Poor sound. .,0,2021-07-28T12:41:04Z
J-CcwVxcfaQ,Audi A5 vs Mercedes C-Class Coupe vs BMW 4 Series vs Lexus RC | Head2Head,@mikeymike1854,Wouldn't trust mercedes fuel economy right lol.they got found out,0,2021-07-02T06:38:04Z
J-CcwVxcfaQ,Audi A5 vs Mercedes C-Class Coupe vs BMW 4 Series vs Lexus RC | Head2Head,@jaganjhon4568,bmw,0,2021-06-28T22:18:23Z
J-CcwVxcfaQ,Audi A5 vs Mercedes C-Class Coupe vs BMW 4 Series vs Lexus RC | Head2Head,@sizzler2462,"Just picked up a white Lexus rc300h f sport it's not the fastest but it's gets so many admiring looks I'm 6'3"" and fit fine in the back and I haven't seen another in the last two weeks I don't regret my choice",0,2021-06-16T22:25:56Z
J-CcwVxcfaQ,Audi A5 vs Mercedes C-Class Coupe vs BMW 4 Series vs Lexus RC | Head2Head,@A1621994S,Thank you for making this video I'm in the process of buying one of these and it really helped,2,2021-06-14T03:06:55Z
J-CcwVxcfaQ,Audi A5 vs Mercedes C-Class Coupe vs BMW 4 Series vs Lexus RC | Head2Head,@DAVE-uq3ms,The c coupe ia better but also more expensive,0,2021-06-12T10:16:17Z
J-CcwVxcfaQ,Audi A5 vs Mercedes C-Class Coupe vs BMW 4 Series vs Lexus RC | Head2Head,@nazimsrbtov8500,Mercedes c,0,2021-06-03T13:31:51Z
J-CcwVxcfaQ,Audi A5 vs Mercedes C-Class Coupe vs BMW 4 Series vs Lexus RC | Head2Head,@nazimsrbtov8500,Hello,0,2021-06-03T13:30:42Z
J-CcwVxcfaQ,Audi A5 vs Mercedes C-Class Coupe vs BMW 4 Series vs Lexus RC | Head2Head,@rob3018,"1st Place. Mercedes 
2nd. Audi 
3rd. BMW
Last place come the Lexus.",0,2021-05-01T13:18:55Z
J-CcwVxcfaQ,Audi A5 vs Mercedes C-Class Coupe vs BMW 4 Series vs Lexus RC | Head2Head,@tabahmed9273,Mercedes,0,2021-04-27T21:24:04Z
J-CcwVxcfaQ,Audi A5 vs Mercedes C-Class Coupe vs BMW 4 Series vs Lexus RC | Head2Head,@youssofahmed22,"if you think the bmw was the best then ur a man and not a nerd  and u also have good taste .

like if u agree",2,2021-04-21T22:37:23Z
J-CcwVxcfaQ,Audi A5 vs Mercedes C-Class Coupe vs BMW 4 Series vs Lexus RC | Head2Head,@grozaphy,Do a updated version of this? Mercedes C-Class Coupe vs BMW 4 Series vs Audi A5 Coupe vs Lexus RC vs Infiniti Q60?,0,2021-04-17T08:56:38Z
J-CcwVxcfaQ,Audi A5 vs Mercedes C-Class Coupe vs BMW 4 Series vs Lexus RC | Head2Head,@grimreaper9383,"Drove lexus for 10 years. Last lexus was a 2013 gs 350 fsport (very fun), currently have a 2018 c43 coupe right now but I ordered a 2021 s5 Audi. Dont think the Audi has as much in your face speed but the tech is way better than mercedes.",0,2021-03-30T06:11:08Z
J-CcwVxcfaQ,Audi A5 vs Mercedes C-Class Coupe vs BMW 4 Series vs Lexus RC | Head2Head,@zabisidiqkhil5726,I bought it for sports characteristic so BMW is the best lol and 4 adults + boot size. i go work from Birmingham to Coventry £50 6 days work easy.,1,2021-03-25T07:44:42Z
J-CcwVxcfaQ,Audi A5 vs Mercedes C-Class Coupe vs BMW 4 Series vs Lexus RC | Head2Head,@nadimmohammed2500,The mercedes looks flashy on the inside but it's a bunch of plastic and the bmw has the best system and material,1,2021-03-02T23:23:00Z
J-CcwVxcfaQ,Audi A5 vs Mercedes C-Class Coupe vs BMW 4 Series vs Lexus RC | Head2Head,@Crowe_77,"I love A5 coupe, i have a 2010 A5, but the design of the new one...dissapointed! i have to admit that Lexus is the most beautiful!",0,2021-03-02T12:17:36Z
J-CcwVxcfaQ,Audi A5 vs Mercedes C-Class Coupe vs BMW 4 Series vs Lexus RC | Head2Head,@almohannaabdulwahab,I love Auuuudi,0,2021-02-18T22:14:31Z
J-CcwVxcfaQ,Audi A5 vs Mercedes C-Class Coupe vs BMW 4 Series vs Lexus RC | Head2Head,@sergejssiskins9397,😂https://www.youtube.com/watch?v=nv_7Hfjivt4&list=LL😂,0,2021-02-15T17:47:59Z
J-CcwVxcfaQ,Audi A5 vs Mercedes C-Class Coupe vs BMW 4 Series vs Lexus RC | Head2Head,@BobMahal,"Even as a long term BMW owner, I would choose the A5. The 4 series has a really disappointing cabin. The C coupe looks nice but Mercedes did a much better job with the E and S class coupe which, especially with the E looks so much better than the C. As for the Lexus, yes superb reliability but just too bland.  I really like the shape and cabin of the A5. Yes they could have tweaked the front if the car to differentiate it more from the A4, but the same could be said if the 4 series.",4,2021-01-27T12:05:55Z
J-CcwVxcfaQ,Audi A5 vs Mercedes C-Class Coupe vs BMW 4 Series vs Lexus RC | Head2Head,@DawidAugust,"All these german cars look so overdone, so overengineered, so much on steroids....yack...Lexus is a car for me:)",1,2021-01-12T09:44:26Z
J-CcwVxcfaQ,Audi A5 vs Mercedes C-Class Coupe vs BMW 4 Series vs Lexus RC | Head2Head,@vivianwoods2958,For looks Mercedes coupe,0,2020-12-15T02:55:09Z
J-CcwVxcfaQ,Audi A5 vs Mercedes C-Class Coupe vs BMW 4 Series vs Lexus RC | Head2Head,@Bertofornell93,"none of those, the giulia veloce without a doubt the best of those !!",0,2020-11-27T15:45:22Z
J-CcwVxcfaQ,Audi A5 vs Mercedes C-Class Coupe vs BMW 4 Series vs Lexus RC | Head2Head,@BooTub3,The Lexus cost the most!? Whaaaat,0,2020-11-24T18:08:30Z
J-CcwVxcfaQ,Audi A5 vs Mercedes C-Class Coupe vs BMW 4 Series vs Lexus RC | Head2Head,@mikevdheul,"Mercedes = cheap plastics mobile
Audi = premium mobile
BMW = power mobile
Lexus = yeah... shouldn’t exist",1,2020-11-12T21:41:03Z
J-CcwVxcfaQ,Audi A5 vs Mercedes C-Class Coupe vs BMW 4 Series vs Lexus RC | Head2Head,@troytruong8246,"Are we talking about buying or leasing? If you lease, u lease the germans. If you buy, u buy the lexus.",0,2020-11-10T11:37:16Z
J-CcwVxcfaQ,Audi A5 vs Mercedes C-Class Coupe vs BMW 4 Series vs Lexus RC | Head2Head,@rahulchawla6256,This video is helping me to make my choose out of these four. Thanks mate,0,2020-11-05T14:18:32Z
J-CcwVxcfaQ,Audi A5 vs Mercedes C-Class Coupe vs BMW 4 Series vs Lexus RC | Head2Head,@nikolaninov7138,When I clicked the video I already knew it’s going to be between the Mercedes and the BMW. Lexus and Audi just can’t match the two best selling premium brands in the world 😃,0,2020-10-08T11:59:24Z
J-CcwVxcfaQ,Audi A5 vs Mercedes C-Class Coupe vs BMW 4 Series vs Lexus RC | Head2Head,@gordontheman6151,Having a gard time between the C-coupe and 4-series,0,2020-10-08T10:24:11Z
J-CcwVxcfaQ,Audi A5 vs Mercedes C-Class Coupe vs BMW 4 Series vs Lexus RC | Head2Head,@cynthiajefferson6476,Mercedes Benz for certain!  No contest.,0,2020-10-04T01:33:44Z
J-CcwVxcfaQ,Audi A5 vs Mercedes C-Class Coupe vs BMW 4 Series vs Lexus RC | Head2Head,@dickphan,"Lexus exterior looks nicest....
Merc interior looks best....",0,2020-09-23T18:07:15Z
J-CcwVxcfaQ,Audi A5 vs Mercedes C-Class Coupe vs BMW 4 Series vs Lexus RC | Head2Head,@alex_m_5,Can you please do the same comparison for 2021?,0,2020-09-21T11:00:29Z
J-CcwVxcfaQ,Audi A5 vs Mercedes C-Class Coupe vs BMW 4 Series vs Lexus RC | Head2Head,@planetrandom5075,Bruh he’s complaining about 40mpg when my bmw e83 x3 gets an obismal 17,0,2020-09-15T22:55:24Z
J-CcwVxcfaQ,Audi A5 vs Mercedes C-Class Coupe vs BMW 4 Series vs Lexus RC | Head2Head,@alwaleedkh1166,Mercedes C class coupé is best one ❤️❤️,0,2020-09-10T13:17:31Z
J-CcwVxcfaQ,Audi A5 vs Mercedes C-Class Coupe vs BMW 4 Series vs Lexus RC | Head2Head,@TharshanYogeswaran,I recommend for Audi A5 .  That is very beautiful car .,0,2020-09-06T21:18:19Z
J-CcwVxcfaQ,Audi A5 vs Mercedes C-Class Coupe vs BMW 4 Series vs Lexus RC | Head2Head,@UpsideDownCanoe,I would get the 440i GC,0,2020-09-03T09:19:44Z
J-CcwVxcfaQ,Audi A5 vs Mercedes C-Class Coupe vs BMW 4 Series vs Lexus RC | Head2Head,@NeMeSis7PT,"Love the c class coupe and the 4 series best ones, A5 also looks nice, lexus is a no.",0,2020-08-25T00:51:14Z
J-CcwVxcfaQ,Audi A5 vs Mercedes C-Class Coupe vs BMW 4 Series vs Lexus RC | Head2Head,@sneakylamb1877,"So when reviewing the other cars this guy got the additional packages and suspensions and then when he got round to the audi he didnt even get a quattro model, A5 didnt stand a chance in this review",1,2020-08-21T20:29:19Z
J-CcwVxcfaQ,Audi A5 vs Mercedes C-Class Coupe vs BMW 4 Series vs Lexus RC | Head2Head,@SamJamProductionz,I've watched this video so many times,0,2020-08-06T20:21:20Z
J-CcwVxcfaQ,Audi A5 vs Mercedes C-Class Coupe vs BMW 4 Series vs Lexus RC | Head2Head,@chrisbri1899,"Well, the Audi is obviously the best in every factor!! GO AUDI❤️ oooo",4,2020-08-05T20:28:27Z
J-CcwVxcfaQ,Audi A5 vs Mercedes C-Class Coupe vs BMW 4 Series vs Lexus RC | Head2Head,@chrisbri1899,Just saying: The Audi has automatic moving seats when u get into the back.,9,2020-08-05T20:26:26Z
J-CcwVxcfaQ,Audi A5 vs Mercedes C-Class Coupe vs BMW 4 Series vs Lexus RC | Head2Head,@chrisbri1899,The Mercedes is ugly,1,2020-08-05T20:20:02Z
J-CcwVxcfaQ,Audi A5 vs Mercedes C-Class Coupe vs BMW 4 Series vs Lexus RC | Head2Head,@Thunderbolt_35x,A5 with the black optic package looks a lot better,0,2020-08-05T00:57:48Z
J-CcwVxcfaQ,Audi A5 vs Mercedes C-Class Coupe vs BMW 4 Series vs Lexus RC | Head2Head,@imuwahenodeh4830,The Mercedes really looks better,0,2020-07-26T02:14:31Z
J-CcwVxcfaQ,Audi A5 vs Mercedes C-Class Coupe vs BMW 4 Series vs Lexus RC | Head2Head,@stephanco.5252,"From personal experience I owned the audi a5 2017 coupe and I currently own the mercedes c250d 2017 coupe. In experience i can say that the audi felt like a way more solid and stable and fast car than the Mercedes. It had a smoother gearbox, engine and more quite cabin. Overall i think that mercedes is not worth buying, its just the name you pay for and nothing more. Audi all day everyday 👍🏽👍🏽👍🏽👍🏽",47,2020-07-24T13:03:27Z
J-CcwVxcfaQ,Audi A5 vs Mercedes C-Class Coupe vs BMW 4 Series vs Lexus RC | Head2Head,@ej063,"Mercedes is very small inside, especially driver's leg room is really tight and uncomfortable.",0,2020-07-24T01:18:03Z
